frame,track_id,timestamp,center_x,center_y,x1,y1,x2,y2,x3,y3,x4,y4,class_id
0,1,0.1,2006.1365676581624,0.6145544617306768,1985.6366393942994,28.327420448063968,2012.96987707945,34.401473266986386,2026.6364959220255,0.0,1999.3032582368749,0.0,1
0,2,0.1,10.16847195128139,1043.3369439025628,0.0,1065.2504100820609,8.603224367031808,1077.7723907560596,36.77768088352872,1021.4234777230646,11.733719535530971,1008.901497049066,1
0,3,0.1,4.066886843100747,1145.8858086470432,0.0,1145.426236132034,0.0,1171.1622969725397,38.53482546877792,1146.3453811620523,27.505085108561225,1120.6093203215466,1
0,4,0.1,9.0,1148.0,0.0,1147.540427484991,0.0,1173.2764883254965,43.46793862567717,1148.459572515009,32.43819826546048,1122.7235116745035,1
0,5,0.1,9.0,1148.0,0.0,1147.540427484991,0.0,1173.2764883254965,43.46793862567717,1148.459572515009,32.43819826546048,1122.7235116745035,1
1,1,0.2,2006.2347796688448,1.056508509801347,1985.7348514049818,28.76937449613464,2013.0680890901324,34.843427315057056,2026.7347079327078,0.0,1999.4014702475572,0.0,1
1,2,0.2,10.344493433311527,1043.6889868666233,0.0,1065.6024530461214,8.779245849061946,1078.1244337201201,36.953702365558854,1021.7755206871251,11.909741017561108,1009.2535400131266,1
1,3,0.2,4.3440978618768895,1146.0046133693759,0.0,1145.5450408543668,0.0,1171.2811016948724,38.81203648755406,1146.464185884385,27.782296127337368,1120.7281250438793,1
1,4,0.2,9.0,1148.0,0.0,1147.540427484991,0.0,1173.2764883254965,43.46793862567717,1148.459572515009,32.43819826546048,1122.7235116745035,1
1,5,0.2,9.0,1148.0,0.0,1147.540427484991,0.0,1173.2764883254965,43.46793862567717,1148.459572515009,32.43819826546048,1122.7235116745035,1
2,1,0.30000000000000004,2006.3329916795271,1.4984625578721307,1985.8330634156641,29.211328544205422,2013.1663011008147,35.28538136312784,2026.8329199433902,0.0,1999.4996822582395,0.0,1
2,2,0.30000000000000004,10.520514915341664,1044.0410298306838,0.0,1065.9544960101819,8.955267331092083,1078.4764766841806,37.12972384758899,1022.1275636511856,12.085762499591246,1009.605582977187,1
2,3,0.30000000000000004,4.601973191498928,1146.1151313677851,0.0,1145.655558852776,0.0,1171.3916196932817,39.0699118171761,1146.5747038827942,28.040171456959406,1120.8386430422886,1
2,4,0.30000000000000004,9.0,1148.0,0.0,1147.540427484991,0.0,1173.2764883254965,43.46793862567717,1148.459572515009,32.43819826546048,1122.7235116745035,1
2,5,0.30000000000000004,9.0,1148.0,0.0,1147.540427484991,0.0,1173.2764883254965,43.46793862567717,1148.459572515009,32.43819826546048,1122.7235116745035,1
3,1,0.4,2006.4312036902095,1.9404166059429144,1985.9312754263465,29.653282592276206,2013.264513111497,35.727335411198624,2026.9311319540725,0.0,1999.597894268922,0.0,1
3,2,0.4,10.696536397371801,1044.393072794744,0.0,1066.3065389742421,9.13128881312222,1078.828519648241,37.30574532961913,1022.4796066152459,12.261783981621383,1009.9576259412473,1
3,3,0.4,4.859848521120966,1146.2256493661946,0.0,1145.7660768511855,0.0,1171.5021376916911,39.32778714679814,1146.6852218812037,28.298046786581445,1120.949161040698,1
3,4,0.4,9.0,1148.0,0.0,1147.540427484991,0.0,1173.2764883254965,43.46793862567717,1148.459572515009,32.43819826546048,1122.7235116745035,1
3,5,0.4,9.0,1148.0,0.0,1147.540427484991,0.0,1173.2764883254965,43.46793862567717,1148.459572515009,32.43819826546048,1122.7235116745035,1
4,1,0.5,2006.529415700892,2.382370654013812,1986.029487437029,30.095236640347103,2013.3627251221797,36.16928945926952,2027.029343964755,0.0,1999.6961062796045,0.0,1
4,2,0.5,10.872557879402393,1044.7451157588046,0.0,1066.6585819383026,9.307310295152812,1079.1805626123014,37.48176681164972,1022.8316495793064,12.437805463651975,1010.3096689053078,1
4,3,0.5,5.11772385074255,1146.336167364604,0.0,1145.876594849595,0.0,1171.6126556901006,39.58566247641972,1146.7957398796132,28.55592211620303,1121.0596790391076,1
4,4,0.5,9.0,1148.0,0.0,1147.540427484991,0.0,1173.2764883254965,43.46793862567717,1148.459572515009,32.43819826546048,1122.7235116745035,1
4,5,0.5,9.0,1148.0,0.0,1147.540427484991,0.0,1173.2764883254965,43.46793862567717,1148.459572515009,32.43819826546048,1122.7235116745035,1
5,1,0.6,2006.6276277115744,2.8243247020845956,1986.1276994477114,30.537190688417887,2013.460937132862,36.611243507340305,2027.1275559754374,0.0,1999.7943182902868,0.0,1
5,2,0.6,9.048579361432076,1041.097158722865,0.0,1063.0106249023631,7.483331777182494,1075.532605576362,35.6577882936794,1019.1836925433669,10.613826945681657,1006.6617118693683,1
5,3,0.6,5.375599180364588,1146.4466853630133,0.0,1145.9871128480042,0.0,1171.7231736885099,39.84353780604176,1146.9062578780224,28.813797445825067,1121.1701970375168,1
5,4,0.6,9.0,1148.0,0.0,1147.540427484991,0.0,1173.2764883254965,43.46793862567717,1148.459572515009,32.43819826546048,1122.7235116745035,1
5,5,0.6,9.0,1148.0,0.0,1147.540427484991,0.0,1173.2764883254965,43.46793862567717,1148.459572515009,32.43819826546048,1122.7235116745035,1
6,1,0.7,2006.7258397222568,3.2662787501553794,1986.2259114583937,30.97914473648867,2013.5591491435443,37.05319755541109,2027.2257679861198,0.0,1999.8925303009692,0.0,1
6,2,0.7,9.224600843462667,1041.4492016869253,0.0,1063.3626678664234,7.659353259213086,1075.8846485404222,35.833809775709994,1019.5357355074271,10.789848427712249,1007.0137548334286,1
6,3,0.7,5.633474509986172,1146.5572033614226,0.0,1146.0976308464135,0.0,1171.833691686919,40.10141313566334,1147.0167758764317,29.07167277544665,1121.280715035926,1
6,4,0.7,9.0,1148.0,0.0,1147.540427484991,0.0,1173.2764883254965,43.46793862567717,1148.459572515009,32.43819826546048,1122.7235116745035,1
6,5,0.7,9.0,1148.0,0.0,1147.540427484991,0.0,1173.2764883254965,43.46793862567717,1148.459572515009,32.43819826546048,1122.7235116745035,1
7,1,0.7999999999999999,2006.824051732939,3.7082327982260495,1986.324123469076,31.42109878455934,2013.6573611542267,37.49515160348176,2027.323979996802,0.0,1999.9907423116515,0.0,1
7,2,0.7999999999999999,9.400622325492805,1041.8012446509858,0.0,1063.714710830484,7.835374741243223,1076.2366915044827,36.00983125774013,1019.8877784714876,10.965869909742386,1007.3657977974891,1
7,3,0.7999999999999999,5.8913498396082105,1146.667721359832,0.0,1146.208148844823,0.0,1171.9442096853286,40.35928846528538,1147.1272938748411,29.32954810506869,1121.3912330343355,1
7,4,0.7999999999999999,9.0,1148.0,0.0,1147.540427484991,0.0,1173.2764883254965,43.46793862567717,1148.459572515009,32.43819826546048,1122.7235116745035,1
7,5,0.7999999999999999,9.0,1148.0,0.0,1147.540427484991,0.0,1173.2764883254965,43.46793862567717,1148.459572515009,32.43819826546048,1122.7235116745035,1
8,1,0.8999999999999999,2006.9222637436214,4.150186846296833,1986.4223354797584,31.863052832630125,2013.755573164909,37.93710565155254,2027.4221920074845,0.0,2000.0889543223338,0.0,1
8,2,0.8999999999999999,9.576643807522942,1042.1532876150463,0.0,1064.0667537945444,8.01139622327336,1076.5887344685432,36.18585273977027,1020.2398214355482,11.141891391772523,1007.7178407615496,1
8,3,0.8999999999999999,6.149225169230249,1146.7782393582415,0.0,1146.3186668432324,0.0,1172.054727683738,40.61716379490742,1147.2378118732506,29.587423434690727,1121.501751032745,1
8,4,0.8999999999999999,9.0,1148.0,0.0,1147.540427484991,0.0,1173.2764883254965,43.46793862567717,1148.459572515009,32.43819826546048,1122.7235116745035,1
8,5,0.8999999999999999,9.0,1148.0,0.0,1147.540427484991,0.0,1173.2764883254965,43.46793862567717,1148.459572515009,32.43819826546048,1122.7235116745035,1
9,1,0.9999999999999999,2007.020475754304,4.592140894367731,1986.520547490441,32.30500688070102,2013.8537851755916,38.37905969962344,2027.520404018167,0.0,2000.1871663330164,0.0,1
9,2,0.9999999999999999,9.752665289553079,1042.5053305791066,0.0,1064.4187967586047,8.187417705303497,1076.9407774326035,36.361874221800406,1020.5918643996084,11.31791287380266,1008.0698837256099,1
9,3,0.9999999999999999,6.394222434060339,1146.8832381860257,0.0,1146.4236656710166,0.0,1172.1597265115222,40.86216105973751,1147.3428107010348,29.832420699520817,1121.6067498605291,1
9,4,0.9999999999999999,9.0,1148.0,0.0,1147.540427484991,0.0,1173.2764883254965,43.46793862567717,1148.459572515009,32.43819826546048,1122.7235116745035,1
9,5,0.9999999999999999,9.0,1148.0,0.0,1147.540427484991,0.0,1173.2764883254965,43.46793862567717,1148.459572515009,32.43819826546048,1122.7235116745035,1
10,1,1.0999999999999999,2007.1186877649864,5.034094942438514,1986.6187595011233,32.746960928771806,2013.951997186274,38.821013747694224,2027.6186160288494,0.0,2000.2853783436988,0.0,1
10,2,1.0999999999999999,9.92868677158367,1042.8573735431671,0.0,1064.7708397226652,8.36343918733409,1077.292820396664,36.537895703831,1020.9439073636689,11.493934355833252,1008.4219266896704,1
10,3,1.0999999999999999,6.652097763682377,1146.9937561844354,0.0,1146.5341836694263,0.0,1172.270244509932,41.12003638935955,1147.4533286994445,30.090296029142856,1121.7172678589388,1
10,4,1.0999999999999999,9.0,1148.0,0.0,1147.540427484991,0.0,1173.2764883254965,43.46793862567717,1148.459572515009,32.43819826546048,1122.7235116745035,1
10,5,1.0999999999999999,9.0,1148.0,0.0,1147.540427484991,0.0,1173.2764883254965,43.46793862567717,1148.459572515009,32.43819826546048,1122.7235116745035,1
11,1,1.2,2007.2168997756687,5.476048990509298,1986.7169715118057,33.18891497684259,2014.0502091969563,39.26296779576501,2027.7168280395317,0.0,2000.383590354381,0.0,1
11,2,1.2,10.104708253613353,1043.2094165072276,0.0,1065.1228826867257,8.539460669363772,1077.6448633607245,36.71391718586068,1021.2959503277294,11.669955837862934,1008.7739696537309,1
11,3,1.2,6.909973093303961,1147.1042741828446,0.0,1146.6447016678355,0.0,1172.3807625083411,41.37791171898113,1147.5638466978537,30.34817135876444,1121.827785857348,1
11,4,1.2,9.0,1148.0,0.0,1147.540427484991,0.0,1173.2764883254965,43.46793862567717,1148.459572515009,32.43819826546048,1122.7235116745035,1
11,5,1.2,9.0,1148.0,0.0,1147.540427484991,0.0,1173.2764883254965,43.46793862567717,1148.459572515009,32.43819826546048,1122.7235116745035,1
12,1,1.3,2007.315111786351,5.918003038580082,1986.815183522488,33.63086902491337,2014.1484212076386,39.70492184383579,2027.815040050214,0.0,2000.4818023650635,0.0,1
12,2,1.3,10.278188136599965,1043.5563762732004,0.0,1065.4698424526985,8.712940552350384,1077.9918231266972,36.88739706884729,1021.6429100937022,11.843435720849547,1009.1209294197037,1
12,3,1.3,7.167848422925545,1147.2147921812539,0.0,1146.7552196662448,0.0,1172.4912805067504,41.635787048602715,1147.674364696263,30.606046688386023,1121.9383038557573,1
12,4,1.3,9.0,1148.0,0.0,1147.540427484991,0.0,1173.2764883254965,43.46793862567717,1148.459572515009,32.43819826546048,1122.7235116745035,1
12,5,1.3,9.0,1148.0,0.0,1147.540427484991,0.0,1173.2764883254965,43.46793862567717,1148.459572515009,32.43819826546048,1122.7235116745035,1
13,1,1.4000000000000001,2007.4133237970336,6.359957086650752,1986.9133955331706,34.07282307298404,2014.2466332183212,40.14687589190646,2027.9132520608966,0.0,2000.580014375746,0.0,1
13,2,1.4000000000000001,10.454209618630557,1043.9084192372607,0.0,1065.8218854167587,8.888962034380976,1078.3438660907575,37.063418550877884,1021.9949530577625,12.019457202880139,1009.4729723837639,1
13,3,1.4000000000000001,7.348361153661244,1147.2921547801404,0.0,1146.8325822651314,0.0,1172.568643105637,41.816299779338415,1147.7517272951495,30.786559419121723,1122.015666454644,1
13,4,1.4000000000000001,9.0,1148.0,0.0,1147.540427484991,0.0,1173.2764883254965,43.46793862567717,1148.459572515009,32.43819826546048,1122.7235116745035,1
13,5,1.4000000000000001,9.0,1148.0,0.0,1147.540427484991,0.0,1173.2764883254965,43.46793862567717,1148.459572515009,32.43819826546048,1122.7235116745035,1
14,1,1.5000000000000002,2007.511535807716,6.801911134721649,1987.011607543853,34.51477712105494,2014.3448452290036,40.58882993997736,2028.011464071579,0.0,2000.6782263864284,0.0,1
14,2,1.5000000000000002,10.629767039788476,1044.259534079577,0.0,1066.173000259075,9.064519455538894,1078.6949809330738,37.2389759720358,1022.3460679000788,12.195014624038057,1009.8240872260802,1
14,3,1.5000000000000002,7.528873884396489,1147.369517379027,0.0,1146.909944864018,0.0,1172.6460057045235,41.99681251007366,1147.829089894036,30.967072149856968,1122.0930290535305,1
14,4,1.5000000000000002,9.0,1148.0,0.0,1147.540427484991,0.0,1173.2764883254965,43.46793862567717,1148.459572515009,32.43819826546048,1122.7235116745035,1
14,5,1.5000000000000002,9.0,1148.0,0.0,1147.540427484991,0.0,1173.2764883254965,43.46793862567717,1148.459572515009,32.43819826546048,1122.7235116745035,1
15,1,1.6000000000000003,2007.6097478183983,7.243865182792433,1987.1098195545353,34.956731169125725,2014.443057239686,41.03078398804814,2028.1096760822613,0.0,2000.7764383971107,0.0,1
15,2,1.6000000000000003,10.805788521818613,1044.6115770436372,0.0,1066.5250432231353,9.240540937569031,1079.047023897134,37.41499745406594,1022.698110864139,12.371036106068194,1010.1761301901405,1
15,3,1.6000000000000003,7.528873884396489,1147.369517379027,0.0,1146.909944864018,0.0,1172.6460057045235,41.99681251007366,1147.829089894036,30.967072149856968,1122.0930290535305,1
15,4,1.6000000000000003,9.0,1148.0,0.0,1147.540427484991,0.0,1173.2764883254965,43.46793862567717,1148.459572515009,32.43819826546048,1122.7235116745035,1
15,5,1.6000000000000003,9.0,1148.0,0.0,1147.540427484991,0.0,1173.2764883254965,43.46793862567717,1148.459572515009,32.43819826546048,1122.7235116745035,1
16,1,1.7000000000000004,2007.7079598290807,7.685819230863217,1987.2080315652177,35.39868521719651,2014.5412692503683,41.472738036118926,2028.2078880929437,0.0,2000.874650407793,0.0,1
16,2,1.7000000000000004,10.980015032257143,1044.960030064514,0.0,1066.8734962440121,9.414767448007561,1079.395476918011,37.58922396450447,1023.0465638850159,12.545262616506724,1010.5245832110173,1
16,3,1.7000000000000004,7.528873884396489,1147.369517379027,0.0,1146.909944864018,0.0,1172.6460057045235,41.99681251007366,1147.829089894036,30.967072149856968,1122.0930290535305,1
16,4,1.7000000000000004,9.0,1148.0,0.0,1147.540427484991,0.0,1173.2764883254965,43.46793862567717,1148.459572515009,32.43819826546048,1122.7235116745035,1
16,5,1.7000000000000004,9.0,1148.0,0.0,1147.540427484991,0.0,1173.2764883254965,43.46793862567717,1148.459572515009,32.43819826546048,1122.7235116745035,1
17,1,1.8000000000000005,2007.806171839763,8.127773278934,1987.3062435759,35.84063926526729,2014.6394812610506,41.91469208418971,2028.306100103626,0.0,2000.9728624184754,0.0,1
17,2,1.8000000000000005,9.150587723151148,1041.3011754463025,0.0,1063.2146416258006,7.585340138901566,1075.7366222997994,35.759796655398475,1019.3877092668043,10.715835307400729,1006.8657285928058,1
17,3,1.8000000000000005,7.528873884396489,1147.369517379027,0.0,1146.909944864018,0.0,1172.6460057045235,41.99681251007366,1147.829089894036,30.967072149856968,1122.0930290535305,1
17,4,1.8000000000000005,9.0,1148.0,0.0,1147.540427484991,0.0,1173.2764883254965,43.46793862567717,1148.459572515009,32.43819826546048,1122.7235116745035,1
17,5,1.8000000000000005,9.0,1148.0,0.0,1147.540427484991,0.0,1173.2764883254965,43.46793862567717,1148.459572515009,32.43819826546048,1122.7235116745035,1
18,1,1.9000000000000006,2007.9043838504456,8.569727327004784,1987.4044555865826,36.282593313338076,2014.7376932717332,42.356646132260494,2028.4043121143086,0.0,2001.071074429158,0.0,1
18,2,1.9000000000000006,9.319547958879411,1041.6390959177584,0.0,1063.5525620972564,7.75430037462983,1076.0745427712552,35.92875689112674,1019.7256297382602,10.884795543128993,1007.2036490642616,1
18,3,1.9000000000000006,7.528873884396489,1147.369517379027,0.0,1146.909944864018,0.0,1172.6460057045235,41.99681251007366,1147.829089894036,30.967072149856968,1122.0930290535305,1
18,4,1.9000000000000006,9.0,1148.0,0.0,1147.540427484991,0.0,1173.2764883254965,43.46793862567717,1148.459572515009,32.43819826546048,1122.7235116745035,1
18,5,1.9000000000000006,9.0,1148.0,0.0,1147.540427484991,0.0,1173.2764883254965,43.46793862567717,1148.459572515009,32.43819826546048,1122.7235116745035,1
19,1,2.0000000000000004,2006.002595861128,0.011681375075568212,1985.502667597265,27.72454736140886,2012.8359052824155,33.79860018033128,2026.502524124991,0.0,1999.1692864398403,0.0,1
19,2,2.0000000000000004,9.495569440909094,1041.991138881819,0.0,1063.9046050613172,7.930321856659512,1076.426585735316,36.10477837315642,1020.0776727023209,11.060817025158675,1007.5556920283224,1
19,3,2.0000000000000004,7.528873884396489,1147.369517379027,0.0,1146.909944864018,0.0,1172.6460057045235,41.99681251007366,1147.829089894036,30.967072149856968,1122.0930290535305,1
19,4,2.0000000000000004,9.0,1148.0,0.0,1147.540427484991,0.0,1173.2764883254965,43.46793862567717,1148.459572515009,32.43819826546048,1122.7235116745035,1
19,5,2.0000000000000004,9.0,1148.0,0.0,1147.540427484991,0.0,1173.2764883254965,43.46793862567717,1148.459572515009,32.43819826546048,1122.7235116745035,1
20,1,2.1000000000000005,2006.1008078718103,0.45363542314635197,1985.6008796079473,28.166501409479643,2012.9341172930979,34.24055422840206,2026.6007361356733,0.0,1999.2674984505227,0.0,1
20,2,2.1000000000000005,9.671590922939686,1042.3431818458794,0.0,1064.2566480253774,8.106343338690104,1076.7786286993762,36.28079985518701,1020.4297156663812,11.236838507189267,1007.9077349923826,1
20,3,2.1000000000000005,7.528873884396489,1147.369517379027,0.0,1146.909944864018,0.0,1172.6460057045235,41.99681251007366,1147.829089894036,30.967072149856968,1122.0930290535305,1
20,4,2.1000000000000005,9.0,1148.0,0.0,1147.540427484991,0.0,1173.2764883254965,43.46793862567717,1148.459572515009,32.43819826546048,1122.7235116745035,1
20,5,2.1000000000000005,9.0,1148.0,0.0,1147.540427484991,0.0,1173.2764883254965,43.46793862567717,1148.459572515009,32.43819826546048,1122.7235116745035,1
21,1,2.2000000000000006,2006.1990198824926,0.8955894712171357,1985.6990916186296,28.608455457550427,2013.0323293037802,34.682508276472845,2026.6989481463556,0.0,1999.365710461205,0.0,1
21,2,2.2000000000000006,9.847612404969823,1042.6952248099396,0.0,1064.6086909894377,8.282364820720241,1077.1306716634365,36.45682133721715,1020.7817586304415,11.412859989219404,1008.2597779564429,1
21,3,2.2000000000000006,7.528873884396489,1147.369517379027,0.0,1146.909944864018,0.0,1172.6460057045235,41.99681251007366,1147.829089894036,30.967072149856968,1122.0930290535305,1
21,4,2.2000000000000006,9.0,1148.0,0.0,1147.540427484991,0.0,1173.2764883254965,43.46793862567717,1148.459572515009,32.43819826546048,1122.7235116745035,1
21,5,2.2000000000000006,9.0,1148.0,0.0,1147.540427484991,0.0,1173.2764883254965,43.46793862567717,1148.459572515009,32.43819826546048,1122.7235116745035,1
22,1,2.3000000000000007,2006.2972318931752,1.3375435192879195,1985.7973036293122,29.05040950562121,2013.1305413144628,35.12446232454363,2026.7971601570382,0.0,1999.4639224718876,0.0,1
22,2,2.3000000000000007,10.02363388699996,1043.0472677740001,0.0,1064.9607339534982,8.458386302750379,1077.482714627497,36.63284281924729,1021.133801594502,11.588881471249541,1008.6118209205034,1
22,3,2.3000000000000007,7.681591305426082,1147.4349677023256,0.0,1146.9753951873165,0.0,1172.7114560278221,42.14952993110325,1147.8945402173347,31.11978957088656,1122.158479376829,1
22,4,2.3000000000000007,9.0,1148.0,0.0,1147.540427484991,0.0,1173.2764883254965,43.46793862567717,1148.459572515009,32.43819826546048,1122.7235116745035,1
22,5,2.3000000000000007,9.0,1148.0,0.0,1147.540427484991,0.0,1173.2764883254965,43.46793862567717,1148.459572515009,32.43819826546048,1122.7235116745035,1
23,1,2.400000000000001,2006.3954439038575,1.7794975673587032,1985.8955156399945,29.492363553691995,2013.2287533251451,35.56641637261441,2026.8953721677206,0.0,1999.56213448257,0.0,1
23,2,2.400000000000001,10.196495319032238,1043.392990638065,0.0,1065.306456817563,8.631247734782656,1077.8284374915618,36.805704251279565,1021.4795244585667,11.761742903281819,1008.9575437845682,1
23,3,2.400000000000001,7.834485090281305,1147.5004936101204,0.0,1147.0409210951113,0.0,1172.776981935617,42.302423715958476,1147.9600661251295,31.272683355741783,1122.224005284624,1
23,4,2.400000000000001,9.0,1148.0,0.0,1147.540427484991,0.0,1173.2764883254965,43.46793862567717,1148.459572515009,32.43819826546048,1122.7235116745035,1
23,5,2.400000000000001,9.0,1148.0,0.0,1147.540427484991,0.0,1173.2764883254965,43.46793862567717,1148.459572515009,32.43819826546048,1122.7235116745035,1
24,1,2.500000000000001,2006.4936559145399,2.2214516154296007,1985.9937276506769,29.934317601762892,2013.3269653358275,36.00837042068531,2026.993584178403,0.0,1999.6603464932523,0.0,1
24,2,2.500000000000001,10.372516801062375,1043.7450336021252,0.0,1065.6584997816233,8.807269216812793,1078.180480455622,36.9817257333097,1021.831567422627,11.937764385311956,1009.3095867486285,1
24,3,2.500000000000001,7.987502329814106,1147.5660724270633,0.0,1147.1064999120542,0.0,1172.8425607525598,42.45544095549128,1148.0256449420724,31.425700595274584,1122.2895841015668,1
24,4,2.500000000000001,9.0,1148.0,0.0,1147.540427484991,0.0,1173.2764883254965,43.46793862567717,1148.459572515009,32.43819826546048,1122.7235116745035,1
24,5,2.500000000000001,9.0,1148.0,0.0,1147.540427484991,0.0,1173.2764883254965,43.46793862567717,1148.459572515009,32.43819826546048,1122.7235116745035,1
25,1,2.600000000000001,2006.5918679252222,2.6634056635002707,1986.0919396613592,30.376271649833562,2013.4251773465098,36.45032446875598,2027.0917961890852,0.0,1999.7585585039346,0.0,1
25,2,2.600000000000001,10.541378126356449,1044.082756252713,0.0,1065.996222432211,8.976130542106867,1078.5182031062097,37.150587058603776,1022.1692900732147,12.10662571060603,1009.6473093992162,1
25,3,2.600000000000001,7.987502329814106,1147.5660724270633,0.0,1147.1064999120542,0.0,1172.8425607525598,42.45544095549128,1148.0256449420724,31.425700595274584,1122.2895841015668,1
25,4,2.600000000000001,9.0,1148.0,0.0,1147.540427484991,0.0,1173.2764883254965,43.46793862567717,1148.459572515009,32.43819826546048,1122.7235116745035,1
25,5,2.600000000000001,9.0,1148.0,0.0,1147.540427484991,0.0,1173.2764883254965,43.46793862567717,1148.459572515009,32.43819826546048,1122.7235116745035,1
26,1,2.700000000000001,2006.6900799359046,3.1053597115710545,1986.1901516720416,30.818225697904346,2013.5233893571922,36.892278516826764,2027.1900081997676,0.0,1999.856770514617,0.0,1
26,2,2.700000000000001,10.717399608386586,1044.4347992167732,0.0,1066.3482653962712,9.152152024137004,1078.87024607027,37.32660854063391,1022.521333037275,12.282647192636167,1009.9993523632764,1
26,3,2.700000000000001,7.987502329814106,1147.5660724270633,0.0,1147.1064999120542,0.0,1172.8425607525598,42.45544095549128,1148.0256449420724,31.425700595274584,1122.2895841015668,1
26,4,2.700000000000001,9.0,1148.0,0.0,1147.540427484991,0.0,1173.2764883254965,43.46793862567717,1148.459572515009,32.43819826546048,1122.7235116745035,1
26,5,2.700000000000001,9.0,1148.0,0.0,1147.540427484991,0.0,1173.2764883254965,43.46793862567717,1148.459572515009,32.43819826546048,1122.7235116745035,1
27,1,2.800000000000001,2006.7874231135863,3.5434040111388185,1986.2874948497233,31.25626999747211,2013.620732534874,37.33032281639453,2027.2873513774493,0.0,1999.9541136922987,0.0,1
27,2,2.800000000000001,10.893421090416723,1044.786842180834,0.0,1066.700308360332,9.328173506167142,1079.2222890343307,37.50263002266405,1022.8733760013357,12.458668674666304,1010.3513953273372,1
27,3,2.800000000000001,7.987502329814106,1147.5660724270633,0.0,1147.1064999120542,0.0,1172.8425607525598,42.45544095549128,1148.0256449420724,31.425700595274584,1122.2895841015668,1
27,4,2.800000000000001,9.0,1148.0,0.0,1147.540427484991,0.0,1173.2764883254965,43.46793862567717,1148.459572515009,32.43819826546048,1122.7235116745035,1
27,5,2.800000000000001,9.0,1148.0,0.0,1147.540427484991,0.0,1173.2764883254965,43.46793862567717,1148.459572515009,32.43819826546048,1122.7235116745035,1
28,1,2.9000000000000012,2006.8820062505306,3.9690281273872188,1986.3820779866676,31.68189411372051,2013.7153156718182,37.75594693264293,2027.3819345143936,0.0,2000.048696829243,0.0,1
28,2,2.9000000000000012,9.069442572447315,1041.1388851448942,0.0,1063.0523513243922,7.5041949881977335,1075.574331998391,35.67865150469464,1019.225418965396,10.634690156696896,1006.7034382913974,1
28,3,2.9000000000000012,7.987502329814106,1147.5660724270633,0.0,1147.1064999120542,0.0,1172.8425607525598,42.45544095549128,1148.0256449420724,31.425700595274584,1122.2895841015668,1
28,4,2.9000000000000012,9.0,1148.0,0.0,1147.540427484991,0.0,1173.2764883254965,43.46793862567717,1148.459572515009,32.43819826546048,1122.7235116745035,1
28,5,2.9000000000000012,9.0,1148.0,0.0,1147.540427484991,0.0,1173.2764883254965,43.46793862567717,1148.459572515009,32.43819826546048,1122.7235116745035,1
29,1,3.0000000000000013,2006.980218261213,4.4109821754580025,1986.48028999735,32.123848161791294,2013.8135276825005,38.19790098071371,2027.480146525076,0.0,2000.1469088399253,0.0,1
29,2,3.0000000000000013,9.245464054476997,1041.4909281089547,0.0,1063.4043942884527,7.680216470227416,1075.9263749624515,35.854672986724324,1019.5774619294565,10.810711638726579,1007.055481255458,1
29,3,3.0000000000000013,7.987502329814106,1147.5660724270633,0.0,1147.1064999120542,0.0,1172.8425607525598,42.45544095549128,1148.0256449420724,31.425700595274584,1122.2895841015668,1
29,4,3.0000000000000013,9.0,1148.0,0.0,1147.540427484991,0.0,1173.2764883254965,43.46793862567717,1148.459572515009,32.43819826546048,1122.7235116745035,1
29,5,3.0000000000000013,9.0,1148.0,0.0,1147.540427484991,0.0,1173.2764883254965,43.46793862567717,1148.459572515009,32.43819826546048,1122.7235116745035,1
30,1,3.1000000000000014,2007.0784302718953,4.852936223528786,1986.5785020080323,32.56580220986208,2013.9117396931829,38.639855028784496,2027.5783585357583,0.0,2000.2451208506077,0.0,1
30,2,3.1000000000000014,9.42148553650759,1041.8429710730152,0.0,1063.7564372525133,7.856237952258008,1076.278417926512,36.030694468754916,1019.929504893517,10.98673312075717,1007.4075242195185,1
30,3,3.1000000000000014,7.987502329814106,1147.5660724270633,0.0,1147.1064999120542,0.0,1172.8425607525598,42.45544095549128,1148.0256449420724,31.425700595274584,1122.2895841015668,1
30,4,3.1000000000000014,9.0,1148.0,0.0,1147.540427484991,0.0,1173.2764883254965,43.46793862567717,1148.459572515009,32.43819826546048,1122.7235116745035,1
30,5,3.1000000000000014,9.0,1148.0,0.0,1147.540427484991,0.0,1173.2764883254965,43.46793862567717,1148.459572515009,32.43819826546048,1122.7235116745035,1
31,1,3.2000000000000015,2007.1766422825776,5.29489027159957,1986.6767140187146,33.00775625793286,2014.0099517038652,39.08180907685528,2027.6765705464406,0.0,2000.34333286129,0.0,1
31,2,3.2000000000000015,9.597507018537726,1042.1950140370755,0.0,1064.1084802165735,8.032259434288145,1076.6304608905723,36.20671595078505,1020.2815478575773,11.162754602787308,1007.7595671835787,1
31,3,3.2000000000000015,7.987502329814106,1147.5660724270633,0.0,1147.1064999120542,0.0,1172.8425607525598,42.45544095549128,1148.0256449420724,31.425700595274584,1122.2895841015668,1
31,4,3.2000000000000015,9.0,1148.0,0.0,1147.540427484991,0.0,1173.2764883254965,43.46793862567717,1148.459572515009,32.43819826546048,1122.7235116745035,1
31,5,3.2000000000000015,9.0,1148.0,0.0,1147.540427484991,0.0,1173.2764883254965,43.46793862567717,1148.459572515009,32.43819826546048,1122.7235116745035,1
32,1,3.3000000000000016,2007.27485429326,5.736844319670354,1986.774926029397,33.449710306003645,2014.1081637145476,39.52376312492606,2027.774782557123,0.0,2000.4415448719724,0.0,1
32,2,3.3000000000000016,9.773528500567863,1042.5470570011357,0.0,1064.4605231806338,8.208280916318282,1076.9825038546326,36.38273743281519,1020.6335908216375,11.338776084817445,1008.111610147639,1
32,3,3.3000000000000016,7.987502329814106,1147.5660724270633,0.0,1147.1064999120542,0.0,1172.8425607525598,42.45544095549128,1148.0256449420724,31.425700595274584,1122.2895841015668,1
32,4,3.3000000000000016,9.0,1148.0,0.0,1147.540427484991,0.0,1173.2764883254965,43.46793862567717,1148.459572515009,32.43819826546048,1122.7235116745035,1
32,5,3.3000000000000016,9.0,1148.0,0.0,1147.540427484991,0.0,1173.2764883254965,43.46793862567717,1148.459572515009,32.43819826546048,1122.7235116745035,1
33,1,3.4000000000000017,2007.3730663039426,6.1787983677411376,1986.8731380400795,33.89166435407443,2014.2063757252301,39.96571717299685,2027.8729945678056,0.0,2000.539756882655,0.0,1
33,2,3.4000000000000017,9.949549982598,1042.8990999651965,0.0,1064.8125661446945,8.384302398348419,1077.3345468186933,36.55875891484533,1020.9856337856983,11.514797566847582,1008.4636531116997,1
33,3,3.4000000000000017,7.987502329814106,1147.5660724270633,0.0,1147.1064999120542,0.0,1172.8425607525598,42.45544095549128,1148.0256449420724,31.425700595274584,1122.2895841015668,1
33,4,3.4000000000000017,9.0,1148.0,0.0,1147.540427484991,0.0,1173.2764883254965,43.46793862567717,1148.459572515009,32.43819826546048,1122.7235116745035,1
33,5,3.4000000000000017,9.0,1148.0,0.0,1147.540427484991,0.0,1173.2764883254965,43.46793862567717,1148.459572515009,32.43819826546048,1122.7235116745035,1
34,1,3.5000000000000018,2007.471278314625,6.620752415811921,1986.9713500507619,34.33361840214521,2014.3045877359125,40.40767122106763,2027.971206578488,0.0,2000.6379688933373,0.0,1
34,2,3.5000000000000018,10.125571464628138,1043.2511429292567,0.0,1065.1646091087548,8.560323880378556,1077.6865897827536,36.734780396875465,1021.3376767497585,11.690819048877719,1008.81569607576,1
34,3,3.5000000000000018,7.987502329814106,1147.5660724270633,0.0,1147.1064999120542,0.0,1172.8425607525598,42.45544095549128,1148.0256449420724,31.425700595274584,1122.2895841015668,1
34,4,3.5000000000000018,9.0,1148.0,0.0,1147.540427484991,0.0,1173.2764883254965,43.46793862567717,1148.459572515009,32.43819826546048,1122.7235116745035,1
34,5,3.5000000000000018,9.0,1148.0,0.0,1147.540427484991,0.0,1173.2764883254965,43.46793862567717,1148.459572515009,32.43819826546048,1122.7235116745035,1
35,1,3.600000000000002,2007.5694903253072,7.062706463882705,1987.0695620614442,34.775572450215996,2014.4027997465948,40.849625269138414,2028.0694185891703,0.0,2000.7361809040196,0.0,1
35,2,3.600000000000002,10.301592946658275,1043.603185893317,0.0,1065.516652072815,8.736345362408693,1078.0386327468138,36.9108018789056,1021.6897197138188,11.866840530907856,1009.1677390398203,1
35,3,3.600000000000002,7.987502329814106,1147.5660724270633,0.0,1147.1064999120542,0.0,1172.8425607525598,42.45544095549128,1148.0256449420724,31.425700595274584,1122.2895841015668,1
35,4,3.600000000000002,9.0,1148.0,0.0,1147.540427484991,0.0,1173.2764883254965,43.46793862567717,1148.459572515009,32.43819826546048,1122.7235116745035,1
35,5,3.600000000000002,9.0,1148.0,0.0,1147.540427484991,0.0,1173.2764883254965,43.46793862567717,1148.459572515009,32.43819826546048,1122.7235116745035,1
36,1,3.700000000000002,2007.6677023359896,7.504660511953489,1987.1677740721266,35.21752649828678,2014.5010117572772,41.2915793172092,2028.1676305998526,0.0,2000.834392914702,0.0,1
36,2,3.700000000000002,10.477614428688867,1043.9552288573777,0.0,1065.8686950368758,8.912366844439285,1078.3906757108746,37.086823360936194,1022.0417626778795,12.042862012938448,1009.519782003881,1
36,3,3.700000000000002,7.987502329814106,1147.5660724270633,0.0,1147.1064999120542,0.0,1172.8425607525598,42.45544095549128,1148.0256449420724,31.425700595274584,1122.2895841015668,1
36,4,3.700000000000002,9.0,1148.0,0.0,1147.540427484991,0.0,1173.2764883254965,43.46793862567717,1148.459572515009,32.43819826546048,1122.7235116745035,1
36,5,3.700000000000002,9.0,1148.0,0.0,1147.540427484991,0.0,1173.2764883254965,43.46793862567717,1148.459572515009,32.43819826546048,1122.7235116745035,1
37,1,3.800000000000002,2007.7659143466722,7.946614560024273,1987.2659860828091,35.659480546357564,2014.5992237679598,41.73353336527998,2028.2658426105352,0.0,2000.9326049253846,0.0,1
37,2,3.800000000000002,10.653635910718549,1044.307271821438,0.0,1066.220738000936,9.088388326468968,1078.7427186749348,37.262844842965876,1022.3938056419398,12.21888349496813,1009.8718249679413,1
37,3,3.800000000000002,7.987502329814106,1147.5660724270633,0.0,1147.1064999120542,0.0,1172.8425607525598,42.45544095549128,1148.0256449420724,31.425700595274584,1122.2895841015668,1
37,4,3.800000000000002,9.0,1148.0,0.0,1147.540427484991,0.0,1173.2764883254965,43.46793862567717,1148.459572515009,32.43819826546048,1122.7235116745035,1
37,5,3.800000000000002,9.0,1148.0,0.0,1147.540427484991,0.0,1173.2764883254965,43.46793862567717,1148.459572515009,32.43819826546048,1122.7235116745035,1
38,1,3.900000000000002,2007.8641263573545,8.388568608095056,1987.3641980934915,36.10143459442835,2014.697435778642,42.175487413350766,2028.3640546212175,0.0,2001.030816936067,0.0,1
38,2,3.900000000000002,10.82965739274914,1044.6593147854983,0.0,1066.5727809649964,9.26440980849956,1079.0947616389951,37.43886632499647,1022.7458486060001,12.394904976998722,1010.2238679320016,1
38,3,3.900000000000002,7.987502329814106,1147.5660724270633,0.0,1147.1064999120542,0.0,1172.8425607525598,42.45544095549128,1148.0256449420724,31.425700595274584,1122.2895841015668,1
38,4,3.900000000000002,9.0,1148.0,0.0,1147.540427484991,0.0,1173.2764883254965,43.46793862567717,1148.459572515009,32.43819826546048,1122.7235116745035,1
38,5,3.900000000000002,9.0,1148.0,0.0,1147.540427484991,0.0,1173.2764883254965,43.46793862567717,1148.459572515009,32.43819826546048,1122.7235116745035,1
39,1,4.000000000000002,2007.9590801090758,8.815860490841033,1987.4591518452128,36.528726477174324,2014.7923895303634,42.60277929609674,2028.4590083729388,0.0,2001.1257706877882,0.0,1
39,2,4.000000000000002,9.005678874779278,1041.011357749559,0.0,1062.924823929057,7.4404312905296965,1075.4468046030559,35.614887807026605,1019.0978915700608,10.57092645902886,1006.5759108960623,1
39,3,4.000000000000002,7.987502329814106,1147.5660724270633,0.0,1147.1064999120542,0.0,1172.8425607525598,42.45544095549128,1148.0256449420724,31.425700595274584,1122.2895841015668,1
39,4,4.000000000000002,9.0,1148.0,0.0,1147.540427484991,0.0,1173.2764883254965,43.46793862567717,1148.459572515009,32.43819826546048,1122.7235116745035,1
39,5,4.000000000000002,9.0,1148.0,0.0,1147.540427484991,0.0,1173.2764883254965,43.46793862567717,1148.459572515009,32.43819826546048,1122.7235116745035,1
40,1,4.100000000000001,2006.0572921197581,0.25781453891181627,1985.5573638558951,27.970680525245108,2012.8906015410457,34.044733344167526,2026.5572203836211,0.0,1999.2239826984705,0.0,1
40,2,4.100000000000001,9.181700356809415,1041.3634007136193,0.0,1063.2768668931174,7.616452772559834,1075.7988475671161,35.79090928905674,1019.4499345341211,10.746947941058997,1006.9279538601226,1
40,3,4.100000000000001,7.987502329814106,1147.5660724270633,0.0,1147.1064999120542,0.0,1172.8425607525598,42.45544095549128,1148.0256449420724,31.425700595274584,1122.2895841015668,1
40,4,4.100000000000001,9.0,1148.0,0.0,1147.540427484991,0.0,1173.2764883254965,43.46793862567717,1148.459572515009,32.43819826546048,1122.7235116745035,1
40,5,4.100000000000001,9.0,1148.0,0.0,1147.540427484991,0.0,1173.2764883254965,43.46793862567717,1148.459572515009,32.43819826546048,1122.7235116745035,1
41,1,4.200000000000001,2006.1555041304405,0.6997685869826,1985.6555758665775,28.41263457331589,2012.988813551728,34.48668739223831,2026.6554323943035,0.0,1999.3221947091529,0.0,1
41,2,4.200000000000001,9.357721838840007,1041.7154436776796,0.0,1063.6289098571776,7.7924742545904255,1076.1508905311764,35.966930771087334,1019.8019774981814,10.922969423089588,1007.2799968241828,1
41,3,4.200000000000001,7.987502329814106,1147.5660724270633,0.0,1147.1064999120542,0.0,1172.8425607525598,42.45544095549128,1148.0256449420724,31.425700595274584,1122.2895841015668,1
41,4,4.200000000000001,9.0,1148.0,0.0,1147.540427484991,0.0,1173.2764883254965,43.46793862567717,1148.459572515009,32.43819826546048,1122.7235116745035,1
41,5,4.200000000000001,9.0,1148.0,0.0,1147.540427484991,0.0,1173.2764883254965,43.46793862567717,1148.459572515009,32.43819826546048,1122.7235116745035,1
42,1,4.300000000000001,2006.253716141123,1.1417226350533838,1985.75378787726,28.854588621386675,2013.0870255624106,34.92864144030909,2026.753644404986,0.0,1999.4204067198355,0.0,1
42,2,4.300000000000001,9.533743320870144,1042.06748664174,0.0,1063.9809528212381,7.968495736620563,1076.502933495237,36.14295225311747,1020.1540204622419,11.098990905119726,1007.6320397882433,1
42,3,4.300000000000001,8.139367087991559,1147.631157323425,0.0,1147.171584808416,0.0,1172.9076456489215,42.60730571366873,1148.090729838434,31.577565353452037,1122.3546689979285,1
42,4,4.300000000000001,9.0,1148.0,0.0,1147.540427484991,0.0,1173.2764883254965,43.46793862567717,1148.459572515009,32.43819826546048,1122.7235116745035,1
42,5,4.300000000000001,9.0,1148.0,0.0,1147.540427484991,0.0,1173.2764883254965,43.46793862567717,1148.459572515009,32.43819826546048,1122.7235116745035,1
43,1,4.4,2006.348720987794,1.5692444450723997,1985.848792723931,29.28211043140569,2013.1820304090816,35.35616325032811,2026.848649251657,0.0,1999.5154115665064,0.0,1
43,2,4.4,9.709764802900281,1042.4195296058006,0.0,1064.3329957852986,8.1445172186507,1076.8549764592974,36.31897373514761,1020.5060634263024,11.275012387149863,1007.9840827523038,1
43,3,4.4,8.139367087991559,1147.631157323425,0.0,1147.171584808416,0.0,1172.9076456489215,42.60730571366873,1148.090729838434,31.577565353452037,1122.3546689979285,1
43,4,4.4,9.0,1148.0,0.0,1147.540427484991,0.0,1173.2764883254965,43.46793862567717,1148.459572515009,32.43819826546048,1122.7235116745035,1
43,5,4.4,9.0,1148.0,0.0,1147.540427484991,0.0,1173.2764883254965,43.46793862567717,1148.459572515009,32.43819826546048,1122.7235116745035,1
44,1,4.5,2006.4469329984763,2.011198493143297,1985.9470047346133,29.72406447947659,2013.280242419764,35.798117298399006,2026.9468612623393,0.0,1999.6136235771887,0.0,1
44,2,4.5,9.885786284930418,1042.7715725698608,0.0,1064.685038749359,8.320538700680837,1077.2070194233577,36.494995217177745,1020.8581063903627,11.45103386918,1008.3361257163641,1
44,3,4.5,8.139367087991559,1147.631157323425,0.0,1147.171584808416,0.0,1172.9076456489215,42.60730571366873,1148.090729838434,31.577565353452037,1122.3546689979285,1
44,4,4.5,9.0,1148.0,0.0,1147.540427484991,0.0,1173.2764883254965,43.46793862567717,1148.459572515009,32.43819826546048,1122.7235116745035,1
44,5,4.5,9.0,1148.0,0.0,1147.540427484991,0.0,1173.2764883254965,43.46793862567717,1148.459572515009,32.43819826546048,1122.7235116745035,1
45,1,4.6,2006.5451450091587,2.453152541214081,1986.0452167452956,30.166018527547372,2013.3784544304463,36.24007134646979,2027.0450732730217,0.0,1999.711835587871,0.0,1
45,2,4.6,10.061807766960555,1043.1236155339216,0.0,1065.0370817134196,8.496560182710974,1077.5590623874184,36.67101669920788,1021.2101493544234,11.627055351210137,1008.6881686804248,1
45,3,4.6,8.139367087991559,1147.631157323425,0.0,1147.171584808416,0.0,1172.9076456489215,42.60730571366873,1148.090729838434,31.577565353452037,1122.3546689979285,1
45,4,4.6,9.0,1148.0,0.0,1147.540427484991,0.0,1173.2764883254965,43.46793862567717,1148.459572515009,32.43819826546048,1122.7235116745035,1
45,5,4.6,9.0,1148.0,0.0,1147.540427484991,0.0,1173.2764883254965,43.46793862567717,1148.459572515009,32.43819826546048,1122.7235116745035,1
46,1,4.699999999999999,2006.643357019841,2.8951065892848646,1986.143428755978,30.607972575618156,2013.4766664411286,36.682025394540574,2027.143285283704,0.0,1999.8100475985534,0.0,1
46,2,4.699999999999999,10.237829248990693,1043.4756584979818,0.0,1065.38912467748,8.672581664741111,1077.9111053514787,36.84703818123802,1021.5621923184837,11.803076833240274,1009.0402116444851,1
46,3,4.699999999999999,8.139367087991559,1147.631157323425,0.0,1147.171584808416,0.0,1172.9076456489215,42.60730571366873,1148.090729838434,31.577565353452037,1122.3546689979285,1
46,4,4.699999999999999,9.0,1148.0,0.0,1147.540427484991,0.0,1173.2764883254965,43.46793862567717,1148.459572515009,32.43819826546048,1122.7235116745035,1
46,5,4.699999999999999,9.0,1148.0,0.0,1147.540427484991,0.0,1173.2764883254965,43.46793862567717,1148.459572515009,32.43819826546048,1122.7235116745035,1
47,1,4.799999999999999,2006.7415690305234,3.3370606373556484,1986.2416407666603,31.04992662368894,2013.574878451811,37.12397944261136,2027.2414972943864,0.0,1999.9082596092358,0.0,1
47,2,4.799999999999999,10.413850731021284,1043.8277014620421,0.0,1065.7411676415402,8.848603146771703,1078.263148315539,37.02305966326861,1021.9142352825439,11.979098315270866,1009.3922546085454,1
47,3,4.799999999999999,8.139367087991559,1147.631157323425,0.0,1147.171584808416,0.0,1172.9076456489215,42.60730571366873,1148.090729838434,31.577565353452037,1122.3546689979285,1
47,4,4.799999999999999,9.0,1148.0,0.0,1147.540427484991,0.0,1173.2764883254965,43.46793862567717,1148.459572515009,32.43819826546048,1122.7235116745035,1
47,5,4.799999999999999,9.0,1148.0,0.0,1147.540427484991,0.0,1173.2764883254965,43.46793862567717,1148.459572515009,32.43819826546048,1122.7235116745035,1
48,1,4.899999999999999,2006.839781041206,3.7790146854263185,1986.339852777343,31.49188067175961,2013.6730904624935,37.56593349068203,2027.339709305069,0.0,2000.0064716199183,0.0,1
48,2,4.899999999999999,10.589872213050967,1044.1797444261026,0.0,1066.0932106056007,9.024624628801385,1078.6151912795995,37.199081145298294,1022.2662782466044,12.155119797300548,1009.7442975726059,1
48,3,4.899999999999999,8.139367087991559,1147.631157323425,0.0,1147.171584808416,0.0,1172.9076456489215,42.60730571366873,1148.090729838434,31.577565353452037,1122.3546689979285,1
48,4,4.899999999999999,9.0,1148.0,0.0,1147.540427484991,0.0,1173.2764883254965,43.46793862567717,1148.459572515009,32.43819826546048,1122.7235116745035,1
48,5,4.899999999999999,9.0,1148.0,0.0,1147.540427484991,0.0,1173.2764883254965,43.46793862567717,1148.459572515009,32.43819826546048,1122.7235116745035,1
49,1,4.999999999999998,2006.9379930518883,4.220968733497216,1986.4380647880253,31.933834719830507,2013.7713024731759,38.007887538752925,2027.4379213157513,0.0,2000.1046836306007,0.0,1
49,2,4.999999999999998,10.765893695081559,1044.5317873901631,0.0,1066.4452535696612,9.200646110831977,1078.96723424366,37.375102627328886,1022.6183212106649,12.33114127933114,1010.0963405366664,1
49,3,4.999999999999998,8.139367087991559,1147.631157323425,0.0,1147.171584808416,0.0,1172.9076456489215,42.60730571366873,1148.090729838434,31.577565353452037,1122.3546689979285,1
49,4,4.999999999999998,9.0,1148.0,0.0,1147.540427484991,0.0,1173.2764883254965,43.46793862567717,1148.459572515009,32.43819826546048,1122.7235116745035,1
49,5,4.999999999999998,9.0,1148.0,0.0,1147.540427484991,0.0,1173.2764883254965,43.46793862567717,1148.459572515009,32.43819826546048,1122.7235116745035,1
50,1,5.099999999999998,2007.0362050625706,4.662922781568,1986.5362767987076,32.37578876790129,2013.8695144838582,38.44984158682371,2027.5361333264336,0.0,2000.202895641283,0.0,1
50,2,5.099999999999998,10.941915177111696,1044.8838303542234,0.0,1066.7972965337215,9.376667592862114,1079.3192772077202,37.55112410935902,1022.9703641747252,12.507162761361277,1010.4483835007267,1
50,3,5.099999999999998,8.139367087991559,1147.631157323425,0.0,1147.171584808416,0.0,1172.9076456489215,42.60730571366873,1148.090729838434,31.577565353452037,1122.3546689979285,1
50,4,5.099999999999998,9.0,1148.0,0.0,1147.540427484991,0.0,1173.2764883254965,43.46793862567717,1148.459572515009,32.43819826546048,1122.7235116745035,1
50,5,5.099999999999998,9.0,1148.0,0.0,1147.540427484991,0.0,1173.2764883254965,43.46793862567717,1148.459572515009,32.43819826546048,1122.7235116745035,1
51,1,5.1999999999999975,2007.134417073253,5.104876829638783,1986.63448880939,32.817742815972075,2013.9677264945406,38.89179563489449,2027.634345337116,0.0,2000.3011076519654,0.0,1
51,2,5.1999999999999975,9.117936659141833,1041.235873318284,0.0,1063.149339497782,7.5526890748922515,1075.6713201717807,35.72714559138916,1019.3224071387857,10.683184243391414,1006.8004264647872,1
51,3,5.1999999999999975,8.139367087991559,1147.631157323425,0.0,1147.171584808416,0.0,1172.9076456489215,42.60730571366873,1148.090729838434,31.577565353452037,1122.3546689979285,1
51,4,5.1999999999999975,9.0,1148.0,0.0,1147.540427484991,0.0,1173.2764883254965,43.46793862567717,1148.459572515009,32.43819826546048,1122.7235116745035,1
51,5,5.1999999999999975,9.0,1148.0,0.0,1147.540427484991,0.0,1173.2764883254965,43.46793862567717,1148.459572515009,32.43819826546048,1122.7235116745035,1
52,1,5.299999999999997,2007.2326290839355,5.546830877709567,1986.7327008200725,33.25969686404286,2014.0659385052231,39.333749682965276,2027.7325573477985,0.0,2000.399319662648,0.0,1
52,2,5.299999999999997,9.29395814117197,1041.5879162823444,0.0,1063.5013824618425,7.728710556922389,1076.0233631358412,35.9031670734193,1019.6744501028462,10.859205725421551,1007.1524694288477,1
52,3,5.299999999999997,8.139367087991559,1147.631157323425,0.0,1147.171584808416,0.0,1172.9076456489215,42.60730571366873,1148.090729838434,31.577565353452037,1122.3546689979285,1
52,4,5.299999999999997,9.0,1148.0,0.0,1147.540427484991,0.0,1173.2764883254965,43.46793862567717,1148.459572515009,32.43819826546048,1122.7235116745035,1
52,5,5.299999999999997,9.0,1148.0,0.0,1147.540427484991,0.0,1173.2764883254965,43.46793862567717,1148.459572515009,32.43819826546048,1122.7235116745035,1
53,1,5.399999999999997,2007.3308410946179,5.988784925780351,1986.8309128307549,33.70165091211364,2014.1641505159055,39.77570373103606,2027.830769358481,0.0,2000.4975316733303,0.0,1
53,2,5.399999999999997,9.466596007166572,1041.9331920143327,0.0,1063.8466581938308,7.901348422916991,1076.3686388678295,36.0758049394139,1020.0197258348345,11.031843591416154,1007.497745160836,1
53,3,5.399999999999997,8.139367087991559,1147.631157323425,0.0,1147.171584808416,0.0,1172.9076456489215,42.60730571366873,1148.090729838434,31.577565353452037,1122.3546689979285,1
53,4,5.399999999999997,9.0,1148.0,0.0,1147.540427484991,0.0,1173.2764883254965,43.46793862567717,1148.459572515009,32.43819826546048,1122.7235116745035,1
53,5,5.399999999999997,9.0,1148.0,0.0,1147.540427484991,0.0,1173.2764883254965,43.46793862567717,1148.459572515009,32.43819826546048,1122.7235116745035,1
54,1,5.4999999999999964,2007.4262487680494,6.41811945622203,1986.9263205041864,34.13098544255532,2014.259558189337,40.20503826147774,2027.9261770319124,0.0,2000.5929393467618,0.0,1
54,2,5.4999999999999964,9.64261748919671,1042.2852349783932,0.0,1064.1987011578913,8.077369904947128,1076.72068183189,36.251826421444036,1020.371768798895,11.20786507344629,1007.8497881248965,1
54,3,5.4999999999999964,8.139367087991559,1147.631157323425,0.0,1147.171584808416,0.0,1172.9076456489215,42.60730571366873,1148.090729838434,31.577565353452037,1122.3546689979285,1
54,4,5.4999999999999964,9.0,1148.0,0.0,1147.540427484991,0.0,1173.2764883254965,43.46793862567717,1148.459572515009,32.43819826546048,1122.7235116745035,1
54,5,5.4999999999999964,9.0,1148.0,0.0,1147.540427484991,0.0,1173.2764883254965,43.46793862567717,1148.459572515009,32.43819826546048,1122.7235116745035,1
55,1,5.599999999999996,2007.5244607787317,6.860073504292814,1987.0245325148687,34.572939490626105,2014.3577702000193,40.64699230954852,2028.0243890425947,0.0,2000.6911513574441,0.0,1
55,2,5.599999999999996,9.818638971226846,1042.6372779424537,0.0,1064.5507441219518,8.253391386977265,1077.0727247959505,36.427847903474174,1020.7238117629555,11.383886555476428,1008.201831088957,1
55,3,5.599999999999996,8.139367087991559,1147.631157323425,0.0,1147.171584808416,0.0,1172.9076456489215,42.60730571366873,1148.090729838434,31.577565353452037,1122.3546689979285,1
55,4,5.599999999999996,9.0,1148.0,0.0,1147.540427484991,0.0,1173.2764883254965,43.46793862567717,1148.459572515009,32.43819826546048,1122.7235116745035,1
55,5,5.599999999999996,9.0,1148.0,0.0,1147.540427484991,0.0,1173.2764883254965,43.46793862567717,1148.459572515009,32.43819826546048,1122.7235116745035,1
56,1,5.699999999999996,2007.622672789414,7.302027552363597,1987.122744525551,35.01489353869689,2014.4559822107017,41.08894635761931,2028.122601053277,0.0,2000.7893633681265,0.0,1
56,2,5.699999999999996,9.994660453256984,1042.989320906514,0.0,1064.902787086012,8.429412869007402,1077.4247677600108,36.60386938550431,1021.0758547270158,11.559908037506565,1008.5538740530172,1
56,3,5.699999999999996,8.139367087991559,1147.631157323425,0.0,1147.171584808416,0.0,1172.9076456489215,42.60730571366873,1148.090729838434,31.577565353452037,1122.3546689979285,1
56,4,5.699999999999996,9.0,1148.0,0.0,1147.540427484991,0.0,1173.2764883254965,43.46793862567717,1148.459572515009,32.43819826546048,1122.7235116745035,1
56,5,5.699999999999996,9.0,1148.0,0.0,1147.540427484991,0.0,1173.2764883254965,43.46793862567717,1148.459572515009,32.43819826546048,1122.7235116745035,1
57,1,5.799999999999995,2007.7208848000964,7.743981600434267,1987.2209565362334,35.45684758676756,2014.554194221384,41.53090040568998,2028.2208130639594,0.0,2000.8875753788088,0.0,1
57,2,5.799999999999995,10.17068193528712,1043.3413638705745,0.0,1065.2548300500725,8.60543435103754,1077.7768107240713,36.77989086753445,1021.4278976910763,11.735929519536702,1008.9059170170777,1
57,3,5.799999999999995,8.139367087991559,1147.631157323425,0.0,1147.171584808416,0.0,1172.9076456489215,42.60730571366873,1148.090729838434,31.577565353452037,1122.3546689979285,1
57,4,5.799999999999995,9.0,1148.0,0.0,1147.540427484991,0.0,1173.2764883254965,43.46793862567717,1148.459572515009,32.43819826546048,1122.7235116745035,1
57,5,5.799999999999995,9.0,1148.0,0.0,1147.540427484991,0.0,1173.2764883254965,43.46793862567717,1148.459572515009,32.43819826546048,1122.7235116745035,1
58,1,5.899999999999995,2007.819096810779,8.185935648505051,1987.319168546916,35.89880163483834,2014.6524062320666,41.97285445376076,2028.319025074642,0.0,2000.9857873894914,0.0,1
58,2,5.899999999999995,10.346703417317258,1043.693406834635,0.0,1065.606873014133,8.781455833067676,1078.1288536881318,36.955912349564585,1021.7799406551368,11.91195100156684,1009.2579599811382,1
58,3,5.899999999999995,8.139367087991559,1147.631157323425,0.0,1147.171584808416,0.0,1172.9076456489215,42.60730571366873,1148.090729838434,31.577565353452037,1122.3546689979285,1
58,4,5.899999999999995,9.0,1148.0,0.0,1147.540427484991,0.0,1173.2764883254965,43.46793862567717,1148.459572515009,32.43819826546048,1122.7235116745035,1
58,5,5.899999999999995,9.0,1148.0,0.0,1147.540427484991,0.0,1173.2764883254965,43.46793862567717,1148.459572515009,32.43819826546048,1122.7235116745035,1
59,1,5.999999999999995,2007.9173088214613,8.627889696575949,1987.4173805575983,36.34075568290924,2014.750618242749,42.41480850183166,2028.4172370853244,0.0,2001.0839994001738,0.0,1
59,2,5.999999999999995,10.52272489934785,1044.0454497986952,0.0,1065.9589159781933,8.957477315098268,1078.480896652192,37.13193383159518,1022.1319836191971,12.087972483597431,1009.6100029451985,1
59,3,5.999999999999995,8.139367087991559,1147.631157323425,0.0,1147.171584808416,0.0,1172.9076456489215,42.60730571366873,1148.090729838434,31.577565353452037,1122.3546689979285,1
59,4,5.999999999999995,9.0,1148.0,0.0,1147.540427484991,0.0,1173.2764883254965,43.46793862567717,1148.459572515009,32.43819826546048,1122.7235116745035,1
59,5,5.999999999999995,9.0,1148.0,0.0,1147.540427484991,0.0,1173.2764883254965,43.46793862567717,1148.459572515009,32.43819826546048,1122.7235116745035,1
60,1,6.099999999999994,2006.0155208321437,0.06984374464673238,1985.5155925682807,27.782709730980024,2012.8488302534313,33.85676254990244,2026.5154490960067,0.0,1999.182211410856,0.0,1
60,2,6.099999999999994,10.698746381377532,1044.3974927627557,0.0,1066.3109589422538,9.13349879712795,1078.8329396162526,37.30795531362486,1022.4840265832576,12.263993965627114,1009.962045909259,1
60,3,6.099999999999994,8.139367087991559,1147.631157323425,0.0,1147.171584808416,0.0,1172.9076456489215,42.60730571366873,1148.090729838434,31.577565353452037,1122.3546689979285,1
60,4,6.099999999999994,9.0,1148.0,0.0,1147.540427484991,0.0,1173.2764883254965,43.46793862567717,1148.459572515009,32.43819826546048,1122.7235116745035,1
60,5,6.099999999999994,9.0,1148.0,0.0,1147.540427484991,0.0,1173.2764883254965,43.46793862567717,1148.459572515009,32.43819826546048,1122.7235116745035,1
61,1,6.199999999999994,2006.113732842826,0.5117977927175161,1985.613804578963,28.224663779050807,2012.9470422641136,34.298716597973225,2026.613661106689,0.0,1999.2804234215384,0.0,1
61,2,6.199999999999994,10.874767863408124,1044.7495357268162,0.0,1066.6630019063143,9.309520279158543,1079.184982580313,37.48397679565545,1022.8360695473181,12.440015447657705,1010.3140888733195,1
61,3,6.199999999999994,8.139367087991559,1147.631157323425,0.0,1147.171584808416,0.0,1172.9076456489215,42.60730571366873,1148.090729838434,31.577565353452037,1122.3546689979285,1
61,4,6.199999999999994,9.0,1148.0,0.0,1147.540427484991,0.0,1173.2764883254965,43.46793862567717,1148.459572515009,32.43819826546048,1122.7235116745035,1
61,5,6.199999999999994,9.0,1148.0,0.0,1147.540427484991,0.0,1173.2764883254965,43.46793862567717,1148.459572515009,32.43819826546048,1122.7235116745035,1
62,1,6.299999999999994,2006.2110763377063,0.9498435196791206,1985.7111480738433,28.662709506012412,2013.044385758994,34.73676232493483,2026.7110046015694,0.0,1999.3777669164188,0.0,1
62,2,6.299999999999994,9.043784169670744,1041.0875683393415,0.0,1063.0010345188396,7.478536585421162,1075.5230151928383,35.65299310191807,1019.1741021598433,10.609031753920325,1006.6521214858448,1
62,3,6.299999999999994,8.139367087991559,1147.631157323425,0.0,1147.171584808416,0.0,1172.9076456489215,42.60730571366873,1148.090729838434,31.577565353452037,1122.3546689979285,1
62,4,6.299999999999994,9.0,1148.0,0.0,1147.540427484991,0.0,1173.2764883254965,43.46793862567717,1148.459572515009,32.43819826546048,1122.7235116745035,1
62,5,6.299999999999994,9.0,1148.0,0.0,1147.540427484991,0.0,1173.2764883254965,43.46793862567717,1148.459572515009,32.43819826546048,1122.7235116745035,1
63,1,6.399999999999993,2006.309288348389,1.3917975677497907,1985.809360084526,29.104663554083082,2013.1425977696765,35.1787163730055,2026.809216612252,0.0,1999.4759789271013,0.0,1
63,2,6.399999999999993,9.217673349663983,1041.4353466993282,0.0,1063.3488128788263,7.652425765414401,1075.870793552825,35.82688228191131,1019.52188051983,10.782920933913564,1006.9998998458315,1
63,3,6.399999999999993,8.139367087991559,1147.631157323425,0.0,1147.171584808416,0.0,1172.9076456489215,42.60730571366873,1148.090729838434,31.577565353452037,1122.3546689979285,1
63,4,6.399999999999993,9.0,1148.0,0.0,1147.540427484991,0.0,1173.2764883254965,43.46793862567717,1148.459572515009,32.43819826546048,1122.7235116745035,1
63,5,6.399999999999993,9.0,1148.0,0.0,1147.540427484991,0.0,1173.2764883254965,43.46793862567717,1148.459572515009,32.43819826546048,1122.7235116745035,1
64,1,6.499999999999993,2006.4075003590713,1.8337516158205744,1985.9075720952083,29.546617602153866,2013.2408097803589,35.620670421076284,2026.9074286229343,0.0,1999.5741909377837,0.0,1
64,2,6.499999999999993,9.39369483169412,1041.7873896633887,0.0,1063.7008558428868,7.828447247444538,1076.2228365168855,36.00290376394145,1019.8739234838905,10.958942415943701,1007.351942809892,1
64,3,6.499999999999993,8.139367087991559,1147.631157323425,0.0,1147.171584808416,0.0,1172.9076456489215,42.60730571366873,1148.090729838434,31.577565353452037,1122.3546689979285,1
64,4,6.499999999999993,9.0,1148.0,0.0,1147.540427484991,0.0,1173.2764883254965,43.46793862567717,1148.459572515009,32.43819826546048,1122.7235116745035,1
64,5,6.499999999999993,9.0,1148.0,0.0,1147.540427484991,0.0,1173.2764883254965,43.46793862567717,1148.459572515009,32.43819826546048,1122.7235116745035,1
65,1,6.5999999999999925,2006.5057123697536,2.275705663891358,1986.0057841058906,29.98857165022465,2013.3390217910412,36.06262446914707,2027.0056406336166,0.0,1999.672402948466,0.0,1
65,2,6.5999999999999925,9.564178139542037,1042.128356279084,0.0,1064.0418224585821,7.998930555292455,1076.563803132581,36.173387071789364,1020.2148900995859,11.129425723791618,1007.6929094255873,1
65,3,6.5999999999999925,8.139367087991559,1147.631157323425,0.0,1147.171584808416,0.0,1172.9076456489215,42.60730571366873,1148.090729838434,31.577565353452037,1122.3546689979285,1
65,4,6.5999999999999925,9.0,1148.0,0.0,1147.540427484991,0.0,1173.2764883254965,43.46793862567717,1148.459572515009,32.43819826546048,1122.7235116745035,1
65,5,6.5999999999999925,9.0,1148.0,0.0,1147.540427484991,0.0,1173.2764883254965,43.46793862567717,1148.459572515009,32.43819826546048,1122.7235116745035,1
66,1,6.699999999999992,2006.603924380436,2.7176597119622556,1986.103996116573,30.430525698295547,2013.4372338017236,36.504578517217965,2027.103852644299,0.0,1999.7706149591484,0.0,1
66,2,6.699999999999992,9.740199621572174,1042.4803992431446,0.0,1064.3938654226426,8.174952037322592,1076.9158460966414,36.3494085538195,1020.5669330636464,11.305447205821755,1008.0449523896478,1
66,3,6.699999999999992,8.139367087991559,1147.631157323425,0.0,1147.171584808416,0.0,1172.9076456489215,42.60730571366873,1148.090729838434,31.577565353452037,1122.3546689979285,1
66,4,6.699999999999992,9.0,1148.0,0.0,1147.540427484991,0.0,1173.2764883254965,43.46793862567717,1148.459572515009,32.43819826546048,1122.7235116745035,1
66,5,6.699999999999992,9.0,1148.0,0.0,1147.540427484991,0.0,1173.2764883254965,43.46793862567717,1148.459572515009,32.43819826546048,1122.7235116745035,1
66,6,6.699999999999992,11.0,1045.0,0.0,1066.913466179498,9.434752415750419,1079.4354468534968,37.60920893224733,1023.0865338205018,12.565247584249581,1010.5645531465033,1
67,1,6.799999999999992,2006.7021363911185,3.1596137600330394,1986.2022081272555,30.87247974636633,2013.5354458124061,36.94653256528875,2027.2020646549815,0.0,1999.868826969831,0.0,1
67,2,6.799999999999992,9.916221103602311,1042.832442207205,0.0,1064.7459083867031,8.35097351935273,1077.267889060702,36.52543003584964,1020.9189760277069,11.481468687851892,1008.3969953537083,1
67,3,6.799999999999992,8.139367087991559,1147.631157323425,0.0,1147.171584808416,0.0,1172.9076456489215,42.60730571366873,1148.090729838434,31.577565353452037,1122.3546689979285,1
67,4,6.799999999999992,9.0,1148.0,0.0,1147.540427484991,0.0,1173.2764883254965,43.46793862567717,1148.459572515009,32.43819826546048,1122.7235116745035,1
67,5,6.799999999999992,9.0,1148.0,0.0,1147.540427484991,0.0,1173.2764883254965,43.46793862567717,1148.459572515009,32.43819826546048,1122.7235116745035,1
67,6,6.799999999999992,11.0,1045.0,0.0,1066.913466179498,9.434752415750419,1079.4354468534968,37.60920893224733,1023.0865338205018,12.565247584249581,1010.5645531465033,1
68,1,6.8999999999999915,2006.8003484018009,3.601567808103823,1986.3004201379379,31.314433794437114,2013.6336578230885,37.38848661335953,2027.300276665664,0.0,1999.9670389805133,0.0,1
68,2,6.8999999999999915,10.036645670140388,1043.0732913402805,0.0,1064.9867575197786,8.471398085890806,1077.5087381937774,36.645854602387715,1021.1598251607824,11.601893254389969,1008.6378444867838,1
68,3,6.8999999999999915,8.139367087991559,1147.631157323425,0.0,1147.171584808416,0.0,1172.9076456489215,42.60730571366873,1148.090729838434,31.577565353452037,1122.3546689979285,1
68,4,6.8999999999999915,9.0,1148.0,0.0,1147.540427484991,0.0,1173.2764883254965,43.46793862567717,1148.459572515009,32.43819826546048,1122.7235116745035,1
68,5,6.8999999999999915,9.0,1148.0,0.0,1147.540427484991,0.0,1173.2764883254965,43.46793862567717,1148.459572515009,32.43819826546048,1122.7235116745035,1
68,6,6.8999999999999915,11.0,1045.0,0.0,1066.913466179498,9.434752415750419,1079.4354468534968,37.60920893224733,1023.0865338205018,12.565247584249581,1010.5645531465033,1
69,1,6.999999999999991,2006.8985604124832,4.043521856174493,1986.3986321486202,31.756387842507785,2013.7318698337708,37.8304406614302,2027.3984886763462,0.0,2000.0652509911956,0.0,1
69,2,6.999999999999991,10.124474842587915,1043.2489496851754,0.0,1065.1624158646734,8.559227258338334,1077.6843965386722,36.73368377483524,1021.3354835056772,11.689722426837497,1008.8135028316786,1
69,3,6.999999999999991,8.139367087991559,1147.631157323425,0.0,1147.171584808416,0.0,1172.9076456489215,42.60730571366873,1148.090729838434,31.577565353452037,1122.3546689979285,1
69,4,6.999999999999991,9.0,1148.0,0.0,1147.540427484991,0.0,1173.2764883254965,43.46793862567717,1148.459572515009,32.43819826546048,1122.7235116745035,1
69,5,6.999999999999991,9.0,1148.0,0.0,1147.540427484991,0.0,1173.2764883254965,43.46793862567717,1148.459572515009,32.43819826546048,1122.7235116745035,1
69,6,6.999999999999991,11.0,1045.0,0.0,1066.913466179498,9.434752415750419,1079.4354468534968,37.60920893224733,1023.0865338205018,12.565247584249581,1010.5645531465033,1
70,1,7.099999999999991,2006.9967724231656,4.485475904245277,1986.4968441593026,32.19834189057857,2013.8300818444532,38.272394709500986,2027.4967006870286,0.0,2000.163463001878,0.0,1
70,2,7.099999999999991,10.212304015034988,1043.4246080300702,0.0,1065.3380742095683,8.647056430785407,1077.860054883567,36.821512947282315,1021.511141850572,11.77755159928457,1008.9891611765735,1
70,3,7.099999999999991,8.139367087991559,1147.631157323425,0.0,1147.171584808416,0.0,1172.9076456489215,42.60730571366873,1148.090729838434,31.577565353452037,1122.3546689979285,1
70,4,7.099999999999991,9.0,1148.0,0.0,1147.540427484991,0.0,1173.2764883254965,43.46793862567717,1148.459572515009,32.43819826546048,1122.7235116745035,1
70,5,7.099999999999991,9.0,1148.0,0.0,1147.540427484991,0.0,1173.2764883254965,43.46793862567717,1148.459572515009,32.43819826546048,1122.7235116745035,1
70,6,7.099999999999991,11.0,1045.0,0.0,1066.913466179498,9.434752415750419,1079.4354468534968,37.60920893224733,1023.0865338205018,12.565247584249581,1010.5645531465033,1
71,1,7.19999999999999,2007.094984433848,4.927429952316174,1986.595056169985,32.640295938649466,2013.9282938551355,38.714348757571884,2027.594912697711,0.0,2000.2616750125603,0.0,1
71,2,7.19999999999999,10.300133187482515,1043.600266374965,0.0,1065.513732554463,8.734885603232934,1078.0357132284619,36.90934211972984,1021.6868001954668,11.865380771732097,1009.1648195214683,1
71,3,7.19999999999999,8.139367087991559,1147.631157323425,0.0,1147.171584808416,0.0,1172.9076456489215,42.60730571366873,1148.090729838434,31.577565353452037,1122.3546689979285,1
71,4,7.19999999999999,9.0,1148.0,0.0,1147.540427484991,0.0,1173.2764883254965,43.46793862567717,1148.459572515009,32.43819826546048,1122.7235116745035,1
71,5,7.19999999999999,9.0,1148.0,0.0,1147.540427484991,0.0,1173.2764883254965,43.46793862567717,1148.459572515009,32.43819826546048,1122.7235116745035,1
71,6,7.19999999999999,11.0,1045.0,0.0,1066.913466179498,9.434752415750419,1079.4354468534968,37.60920893224733,1023.0865338205018,12.565247584249581,1010.5645531465033,1
72,1,7.29999999999999,2007.1931964445305,5.369384000386958,1986.6932681806675,33.08224998672025,2014.026505865818,39.15630280564267,2027.6931247083935,0.0,2000.359887023243,0.0,1
72,2,7.29999999999999,10.3791794426852,1043.7583588853704,0.0,1065.6718250648685,8.813931858435618,1078.1938057388672,36.988388374932526,1021.8448927058722,11.94442702693478,1009.3229120318737,1
72,3,7.29999999999999,8.139367087991559,1147.631157323425,0.0,1147.171584808416,0.0,1172.9076456489215,42.60730571366873,1148.090729838434,31.577565353452037,1122.3546689979285,1
72,4,7.29999999999999,9.0,1148.0,0.0,1147.540427484991,0.0,1173.2764883254965,43.46793862567717,1148.459572515009,32.43819826546048,1122.7235116745035,1
72,5,7.29999999999999,9.0,1148.0,0.0,1147.540427484991,0.0,1173.2764883254965,43.46793862567717,1148.459572515009,32.43819826546048,1122.7235116745035,1
72,6,7.29999999999999,11.0,1045.0,0.0,1066.913466179498,9.434752415750419,1079.4354468534968,37.60920893224733,1023.0865338205018,12.565247584249581,1010.5645531465033,1
73,1,7.39999999999999,2007.2914084552128,5.811338048457742,1986.7914801913498,33.52420403479103,2014.1247178765004,39.59825685371345,2027.7913367190758,0.0,2000.4580990339252,0.0,1
73,2,7.39999999999999,10.460527860948332,1043.921055721897,0.0,1065.834521901395,8.89528027669875,1078.3565025753937,37.06973679319566,1022.0075895423987,12.025775445197914,1009.4856088684002,1
73,3,7.39999999999999,8.139367087991559,1147.631157323425,0.0,1147.171584808416,0.0,1172.9076456489215,42.60730571366873,1148.090729838434,31.577565353452037,1122.3546689979285,1
73,4,7.39999999999999,9.0,1148.0,0.0,1147.540427484991,0.0,1173.2764883254965,43.46793862567717,1148.459572515009,32.43819826546048,1122.7235116745035,1
73,5,7.39999999999999,9.0,1148.0,0.0,1147.540427484991,0.0,1173.2764883254965,43.46793862567717,1148.459572515009,32.43819826546048,1122.7235116745035,1
73,6,7.39999999999999,11.0,1045.0,0.0,1066.913466179498,9.434752415750419,1079.4354468534968,37.60920893224733,1023.0865338205018,12.565247584249581,1010.5645531465033,1
74,1,7.499999999999989,2007.3896204658952,6.253292096528526,1986.8896922020322,33.96615808286182,2014.2229298871828,40.040210901784235,2027.8895487297582,0.0,2000.5563110446076,0.0,1
74,2,7.499999999999989,10.543487793353961,1044.086975586708,0.0,1066.000441766206,8.97824020910438,1078.5224224402048,37.15269672560129,1022.1735094072097,12.108735377603542,1009.6515287332112,1
74,3,7.499999999999989,8.139367087991559,1147.631157323425,0.0,1147.171584808416,0.0,1172.9076456489215,42.60730571366873,1148.090729838434,31.577565353452037,1122.3546689979285,1
74,4,7.499999999999989,9.0,1148.0,0.0,1147.540427484991,0.0,1173.2764883254965,43.46793862567717,1148.459572515009,32.43819826546048,1122.7235116745035,1
74,5,7.499999999999989,9.0,1148.0,0.0,1147.540427484991,0.0,1173.2764883254965,43.46793862567717,1148.459572515009,32.43819826546048,1122.7235116745035,1
74,6,7.499999999999989,11.0,1045.0,0.0,1066.913466179498,9.434752415750419,1079.4354468534968,37.60920893224733,1023.0865338205018,12.565247584249581,1010.5645531465033,1
75,1,7.599999999999989,2007.4878324765775,6.695246144599196,1986.9879042127145,34.40811213093249,2014.3211418978651,40.482164949854905,2027.9877607404405,0.0,2000.65452305529,0.0,1
75,2,7.599999999999989,10.627575785659246,1044.2551515713185,0.0,1066.1686177508166,9.062328201409665,1078.6905984248153,37.23678471790657,1022.3416853918203,12.192823369908828,1009.8197047178218,1
75,3,7.599999999999989,8.139367087991559,1147.631157323425,0.0,1147.171584808416,0.0,1172.9076456489215,42.60730571366873,1148.090729838434,31.577565353452037,1122.3546689979285,1
75,4,7.599999999999989,9.0,1148.0,0.0,1147.540427484991,0.0,1173.2764883254965,43.46793862567717,1148.459572515009,32.43819826546048,1122.7235116745035,1
75,5,7.599999999999989,9.0,1148.0,0.0,1147.540427484991,0.0,1173.2764883254965,43.46793862567717,1148.459572515009,32.43819826546048,1122.7235116745035,1
75,6,7.599999999999989,11.0,1045.0,0.0,1066.913466179498,9.434752415750419,1079.4354468534968,37.60920893224733,1023.0865338205018,12.565247584249581,1010.5645531465033,1
76,1,7.699999999999989,2007.58604448726,7.137200192670093,1987.086116223397,34.850066179003385,2014.4193539085477,40.9241189979258,2028.085972751123,0.0,2000.7527350659725,0.0,1
76,2,7.699999999999989,10.627575785659246,1044.2551515713185,0.0,1066.1686177508166,9.062328201409665,1078.6905984248153,37.23678471790657,1022.3416853918203,12.192823369908828,1009.8197047178218,1
76,3,7.699999999999989,8.139367087991559,1147.631157323425,0.0,1147.171584808416,0.0,1172.9076456489215,42.60730571366873,1148.090729838434,31.577565353452037,1122.3546689979285,1
76,4,7.699999999999989,9.0,1148.0,0.0,1147.540427484991,0.0,1173.2764883254965,43.46793862567717,1148.459572515009,32.43819826546048,1122.7235116745035,1
76,5,7.699999999999989,9.0,1148.0,0.0,1147.540427484991,0.0,1173.2764883254965,43.46793862567717,1148.459572515009,32.43819826546048,1122.7235116745035,1
76,6,7.699999999999989,11.0,1045.0,0.0,1066.913466179498,9.434752415750419,1079.4354468534968,37.60920893224733,1023.0865338205018,12.565247584249581,1010.5645531465033,1
77,1,7.799999999999988,2007.6842564979424,7.579154240740877,1987.1843282340794,35.29202022707417,2014.51756591923,41.366073045996586,2028.1841847618055,0.0,2000.8509470766548,0.0,1
77,2,7.799999999999988,10.627575785659246,1044.2551515713185,0.0,1066.1686177508166,9.062328201409665,1078.6905984248153,37.23678471790657,1022.3416853918203,12.192823369908828,1009.8197047178218,1
77,3,7.799999999999988,8.139367087991559,1147.631157323425,0.0,1147.171584808416,0.0,1172.9076456489215,42.60730571366873,1148.090729838434,31.577565353452037,1122.3546689979285,1
77,4,7.799999999999988,9.0,1148.0,0.0,1147.540427484991,0.0,1173.2764883254965,43.46793862567717,1148.459572515009,32.43819826546048,1122.7235116745035,1
77,5,7.799999999999988,9.0,1148.0,0.0,1147.540427484991,0.0,1173.2764883254965,43.46793862567717,1148.459572515009,32.43819826546048,1122.7235116745035,1
77,6,7.799999999999988,11.0,1045.0,0.0,1066.913466179498,9.434752415750419,1079.4354468534968,37.60920893224733,1023.0865338205018,12.565247584249581,1010.5645531465033,1
78,1,7.899999999999988,2007.7824685086248,8.02110828881166,1987.2825402447618,35.73397427514495,2014.6157779299124,41.80802709406737,2028.2823967724878,0.0,2000.9491590873372,0.0,1
78,2,7.899999999999988,10.627575785659246,1044.2551515713185,0.0,1066.1686177508166,9.062328201409665,1078.6905984248153,37.23678471790657,1022.3416853918203,12.192823369908828,1009.8197047178218,1
78,3,7.899999999999988,8.139367087991559,1147.631157323425,0.0,1147.171584808416,0.0,1172.9076456489215,42.60730571366873,1148.090729838434,31.577565353452037,1122.3546689979285,1
78,4,7.899999999999988,9.0,1148.0,0.0,1147.540427484991,0.0,1173.2764883254965,43.46793862567717,1148.459572515009,32.43819826546048,1122.7235116745035,1
78,5,7.899999999999988,9.0,1148.0,0.0,1147.540427484991,0.0,1173.2764883254965,43.46793862567717,1148.459572515009,32.43819826546048,1122.7235116745035,1
78,6,7.899999999999988,11.0,1045.0,0.0,1066.913466179498,9.434752415750419,1079.4354468534968,37.60920893224733,1023.0865338205018,12.565247584249581,1010.5645531465033,1
79,1,7.999999999999988,2007.8806805193071,8.463062336882444,1987.3807522554441,36.175928323215736,2014.7139899405947,42.249981142138154,2028.3806087831701,0.0,2001.0473710980195,0.0,1
79,2,7.999999999999988,10.627575785659246,1044.2551515713185,0.0,1066.1686177508166,9.062328201409665,1078.6905984248153,37.23678471790657,1022.3416853918203,12.192823369908828,1009.8197047178218,1
79,3,7.999999999999988,8.139367087991559,1147.631157323425,0.0,1147.171584808416,0.0,1172.9076456489215,42.60730571366873,1148.090729838434,31.577565353452037,1122.3546689979285,1
79,4,7.999999999999988,9.0,1148.0,0.0,1147.540427484991,0.0,1173.2764883254965,43.46793862567717,1148.459572515009,32.43819826546048,1122.7235116745035,1
79,5,7.999999999999988,9.0,1148.0,0.0,1147.540427484991,0.0,1173.2764883254965,43.46793862567717,1148.459572515009,32.43819826546048,1122.7235116745035,1
79,6,7.999999999999988,11.0,1045.0,0.0,1066.913466179498,9.434752415750419,1079.4354468534968,37.60920893224733,1023.0865338205018,12.565247584249581,1010.5645531465033,1
80,1,8.099999999999987,2007.9788925299897,8.905016384953228,1987.4789642661267,36.61788237128652,2014.8122019512773,42.69193519020894,2028.4788207938527,0.0,2001.145583108702,0.0,1
80,2,8.099999999999987,10.627575785659246,1044.2551515713185,0.0,1066.1686177508166,9.062328201409665,1078.6905984248153,37.23678471790657,1022.3416853918203,12.192823369908828,1009.8197047178218,1
80,3,8.099999999999987,8.139367087991559,1147.631157323425,0.0,1147.171584808416,0.0,1172.9076456489215,42.60730571366873,1148.090729838434,31.577565353452037,1122.3546689979285,1
80,4,8.099999999999987,9.0,1148.0,0.0,1147.540427484991,0.0,1173.2764883254965,43.46793862567717,1148.459572515009,32.43819826546048,1122.7235116745035,1
80,5,8.099999999999987,9.0,1148.0,0.0,1147.540427484991,0.0,1173.2764883254965,43.46793862567717,1148.459572515009,32.43819826546048,1122.7235116745035,1
80,6,8.099999999999987,11.0,1045.0,0.0,1066.913466179498,9.434752415750419,1079.4354468534968,37.60920893224733,1023.0865338205018,12.565247584249581,1010.5645531465033,1
81,1,8.199999999999987,2006.077104540672,0.346970433024012,1985.577176276809,28.059836419357303,2012.9104139619596,34.13388923827972,2026.577032804535,0.0,1999.2437951193845,0.0,1
81,2,8.199999999999987,10.627575785659246,1044.2551515713185,0.0,1066.1686177508166,9.062328201409665,1078.6905984248153,37.23678471790657,1022.3416853918203,12.192823369908828,1009.8197047178218,1
81,3,8.199999999999987,8.139367087991559,1147.631157323425,0.0,1147.171584808416,0.0,1172.9076456489215,42.60730571366873,1148.090729838434,31.577565353452037,1122.3546689979285,1
81,4,8.199999999999987,9.0,1148.0,0.0,1147.540427484991,0.0,1173.2764883254965,43.46793862567717,1148.459572515009,32.43819826546048,1122.7235116745035,1
81,5,8.199999999999987,9.0,1148.0,0.0,1147.540427484991,0.0,1173.2764883254965,43.46793862567717,1148.459572515009,32.43819826546048,1122.7235116745035,1
81,6,8.199999999999987,11.0,1045.0,0.0,1066.913466179498,9.434752415750419,1079.4354468534968,37.60920893224733,1023.0865338205018,12.565247584249581,1010.5645531465033,1
82,1,8.299999999999986,2006.1753165513544,0.7889244810947957,1985.6753882874914,28.501790467428087,2013.008625972642,34.575843286350505,2026.6752448152174,0.0,1999.3420071300668,0.0,1
82,2,8.299999999999986,10.627575785659246,1044.2551515713185,0.0,1066.1686177508166,9.062328201409665,1078.6905984248153,37.23678471790657,1022.3416853918203,12.192823369908828,1009.8197047178218,1
82,3,8.299999999999986,8.139367087991559,1147.631157323425,0.0,1147.171584808416,0.0,1172.9076456489215,42.60730571366873,1148.090729838434,31.577565353452037,1122.3546689979285,1
82,4,8.299999999999986,9.0,1148.0,0.0,1147.540427484991,0.0,1173.2764883254965,43.46793862567717,1148.459572515009,32.43819826546048,1122.7235116745035,1
82,5,8.299999999999986,9.0,1148.0,0.0,1147.540427484991,0.0,1173.2764883254965,43.46793862567717,1148.459572515009,32.43819826546048,1122.7235116745035,1
82,6,8.299999999999986,11.0,1045.0,0.0,1066.913466179498,9.434752415750419,1079.4354468534968,37.60920893224733,1023.0865338205018,12.565247584249581,1010.5645531465033,1
83,1,8.399999999999986,2006.2735285620367,1.2308785291655795,1985.7736002981737,28.94374451549887,2013.1068379833243,35.01779733442129,2026.7734568258998,0.0,1999.4402191407492,0.0,1
83,2,8.399999999999986,10.627575785659246,1044.2551515713185,0.0,1066.1686177508166,9.062328201409665,1078.6905984248153,37.23678471790657,1022.3416853918203,12.192823369908828,1009.8197047178218,1
83,3,8.399999999999986,8.139367087991559,1147.631157323425,0.0,1147.171584808416,0.0,1172.9076456489215,42.60730571366873,1148.090729838434,31.577565353452037,1122.3546689979285,1
83,4,8.399999999999986,9.0,1148.0,0.0,1147.540427484991,0.0,1173.2764883254965,43.46793862567717,1148.459572515009,32.43819826546048,1122.7235116745035,1
83,5,8.399999999999986,9.0,1148.0,0.0,1147.540427484991,0.0,1173.2764883254965,43.46793862567717,1148.459572515009,32.43819826546048,1122.7235116745035,1
83,6,8.399999999999986,11.0,1045.0,0.0,1066.913466179498,9.434752415750419,1079.4354468534968,37.60920893224733,1023.0865338205018,12.565247584249581,1010.5645531465033,1
84,1,8.499999999999986,2006.371740572719,1.6728325772363632,1985.871812308856,29.385698563569655,2013.2050499940067,35.45975138249207,2026.871668836582,0.0,1999.5384311514315,0.0,1
84,2,8.499999999999986,10.627575785659246,1044.2551515713185,0.0,1066.1686177508166,9.062328201409665,1078.6905984248153,37.23678471790657,1022.3416853918203,12.192823369908828,1009.8197047178218,1
84,3,8.499999999999986,8.139367087991559,1147.631157323425,0.0,1147.171584808416,0.0,1172.9076456489215,42.60730571366873,1148.090729838434,31.577565353452037,1122.3546689979285,1
84,4,8.499999999999986,9.0,1148.0,0.0,1147.540427484991,0.0,1173.2764883254965,43.46793862567717,1148.459572515009,32.43819826546048,1122.7235116745035,1
84,5,8.499999999999986,9.0,1148.0,0.0,1147.540427484991,0.0,1173.2764883254965,43.46793862567717,1148.459572515009,32.43819826546048,1122.7235116745035,1
84,6,8.499999999999986,11.0,1045.0,0.0,1066.913466179498,9.434752415750419,1079.4354468534968,37.60920893224733,1023.0865338205018,12.565247584249581,1010.5645531465033,1
85,1,8.599999999999985,2006.4699525834017,2.114786625307147,1985.9700243195387,29.82765261164044,2013.3032620046893,35.901705430562856,2026.9698808472647,0.0,1999.636643162114,0.0,1
85,2,8.599999999999985,10.627575785659246,1044.2551515713185,0.0,1066.1686177508166,9.062328201409665,1078.6905984248153,37.23678471790657,1022.3416853918203,12.192823369908828,1009.8197047178218,1
85,3,8.599999999999985,8.139367087991559,1147.631157323425,0.0,1147.171584808416,0.0,1172.9076456489215,42.60730571366873,1148.090729838434,31.577565353452037,1122.3546689979285,1
85,4,8.599999999999985,9.0,1148.0,0.0,1147.540427484991,0.0,1173.2764883254965,43.46793862567717,1148.459572515009,32.43819826546048,1122.7235116745035,1
85,5,8.599999999999985,9.0,1148.0,0.0,1147.540427484991,0.0,1173.2764883254965,43.46793862567717,1148.459572515009,32.43819826546048,1122.7235116745035,1
85,6,8.599999999999985,11.0,1045.0,0.0,1066.913466179498,9.434752415750419,1079.4354468534968,37.60920893224733,1023.0865338205018,12.565247584249581,1010.5645531465033,1
86,1,8.699999999999985,2006.568164594084,2.5567406733780444,1986.068236330221,30.269606659711336,2013.4014740153716,36.343659478633754,2027.068092857947,0.0,1999.7348551727964,0.0,1
86,2,8.699999999999985,10.627575785659246,1044.2551515713185,0.0,1066.1686177508166,9.062328201409665,1078.6905984248153,37.23678471790657,1022.3416853918203,12.192823369908828,1009.8197047178218,1
86,3,8.699999999999985,8.139367087991559,1147.631157323425,0.0,1147.171584808416,0.0,1172.9076456489215,42.60730571366873,1148.090729838434,31.577565353452037,1122.3546689979285,1
86,4,8.699999999999985,9.0,1148.0,0.0,1147.540427484991,0.0,1173.2764883254965,43.46793862567717,1148.459572515009,32.43819826546048,1122.7235116745035,1
86,5,8.699999999999985,9.0,1148.0,0.0,1147.540427484991,0.0,1173.2764883254965,43.46793862567717,1148.459572515009,32.43819826546048,1122.7235116745035,1
86,6,8.699999999999985,11.0,1045.0,0.0,1066.913466179498,9.434752415750419,1079.4354468534968,37.60920893224733,1023.0865338205018,12.565247584249581,1010.5645531465033,1
87,1,8.799999999999985,2006.6663766047664,2.9986947214487145,1986.1664483409033,30.711560707782006,2013.499686026054,36.785613526704424,2027.1663048686294,0.0,1999.8330671834788,0.0,1
87,2,8.799999999999985,10.627575785659246,1044.2551515713185,0.0,1066.1686177508166,9.062328201409665,1078.6905984248153,37.23678471790657,1022.3416853918203,12.192823369908828,1009.8197047178218,1
87,3,8.799999999999985,8.139367087991559,1147.631157323425,0.0,1147.171584808416,0.0,1172.9076456489215,42.60730571366873,1148.090729838434,31.577565353452037,1122.3546689979285,1
87,4,8.799999999999985,9.0,1148.0,0.0,1147.540427484991,0.0,1173.2764883254965,43.46793862567717,1148.459572515009,32.43819826546048,1122.7235116745035,1
87,5,8.799999999999985,9.0,1148.0,0.0,1147.540427484991,0.0,1173.2764883254965,43.46793862567717,1148.459572515009,32.43819826546048,1122.7235116745035,1
87,6,8.799999999999985,11.0,1045.0,0.0,1066.913466179498,9.434752415750419,1079.4354468534968,37.60920893224733,1023.0865338205018,12.565247584249581,1010.5645531465033,1
88,1,8.899999999999984,2006.7645886154487,3.4406487695194983,1986.2646603515857,31.15351475585279,2013.5978980367363,37.22756757477521,2027.2645168793117,0.0,1999.931279194161,0.0,1
88,2,8.899999999999984,10.627575785659246,1044.2551515713185,0.0,1066.1686177508166,9.062328201409665,1078.6905984248153,37.23678471790657,1022.3416853918203,12.192823369908828,1009.8197047178218,1
88,3,8.899999999999984,8.139367087991559,1147.631157323425,0.0,1147.171584808416,0.0,1172.9076456489215,42.60730571366873,1148.090729838434,31.577565353452037,1122.3546689979285,1
88,4,8.899999999999984,9.0,1148.0,0.0,1147.540427484991,0.0,1173.2764883254965,43.46793862567717,1148.459572515009,32.43819826546048,1122.7235116745035,1
88,5,8.899999999999984,9.0,1148.0,0.0,1147.540427484991,0.0,1173.2764883254965,43.46793862567717,1148.459572515009,32.43819826546048,1122.7235116745035,1
88,6,8.899999999999984,11.0,1045.0,0.0,1066.913466179498,9.434752415750419,1079.4354468534968,37.60920893224733,1023.0865338205018,12.565247584249581,1010.5645531465033,1
89,1,8.999999999999984,2006.8628006261313,3.882602817590282,1986.3628723622683,31.595468803923573,2013.6961100474189,37.66952162284599,2027.3627288899943,0.0,2000.0294912048437,0.0,1
89,2,8.999999999999984,10.627575785659246,1044.2551515713185,0.0,1066.1686177508166,9.062328201409665,1078.6905984248153,37.23678471790657,1022.3416853918203,12.192823369908828,1009.8197047178218,1
89,3,8.999999999999984,8.139367087991559,1147.631157323425,0.0,1147.171584808416,0.0,1172.9076456489215,42.60730571366873,1148.090729838434,31.577565353452037,1122.3546689979285,1
89,4,8.999999999999984,9.0,1148.0,0.0,1147.540427484991,0.0,1173.2764883254965,43.46793862567717,1148.459572515009,32.43819826546048,1122.7235116745035,1
89,5,8.999999999999984,9.0,1148.0,0.0,1147.540427484991,0.0,1173.2764883254965,43.46793862567717,1148.459572515009,32.43819826546048,1122.7235116745035,1
89,6,8.999999999999984,11.0,1045.0,0.0,1066.913466179498,9.434752415750419,1079.4354468534968,37.60920893224733,1023.0865338205018,12.565247584249581,1010.5645531465033,1
90,1,9.099999999999984,2006.9610126368136,4.324556865661066,1986.4610843729506,32.03742285199436,2013.7943220581012,38.111475670916775,2027.4609409006766,0.0,2000.127703215526,0.0,1
90,2,9.099999999999984,10.627575785659246,1044.2551515713185,0.0,1066.1686177508166,9.062328201409665,1078.6905984248153,37.23678471790657,1022.3416853918203,12.192823369908828,1009.8197047178218,1
90,3,9.099999999999984,8.139367087991559,1147.631157323425,0.0,1147.171584808416,0.0,1172.9076456489215,42.60730571366873,1148.090729838434,31.577565353452037,1122.3546689979285,1
90,4,9.099999999999984,9.0,1148.0,0.0,1147.540427484991,0.0,1173.2764883254965,43.46793862567717,1148.459572515009,32.43819826546048,1122.7235116745035,1
90,5,9.099999999999984,9.0,1148.0,0.0,1147.540427484991,0.0,1173.2764883254965,43.46793862567717,1148.459572515009,32.43819826546048,1122.7235116745035,1
90,6,9.099999999999984,11.0,1045.0,0.0,1066.913466179498,9.434752415750419,1079.4354468534968,37.60920893224733,1023.0865338205018,12.565247584249581,1010.5645531465033,1
91,1,9.199999999999983,2007.059224647496,4.766510913731963,1986.559296383633,32.479376900065255,2013.8925340687836,38.55342971898767,2027.559152911359,0.0,2000.2259152262084,0.0,1
91,2,9.199999999999983,10.627575785659246,1044.2551515713185,0.0,1066.1686177508166,9.062328201409665,1078.6905984248153,37.23678471790657,1022.3416853918203,12.192823369908828,1009.8197047178218,1
91,3,9.199999999999983,8.139367087991559,1147.631157323425,0.0,1147.171584808416,0.0,1172.9076456489215,42.60730571366873,1148.090729838434,31.577565353452037,1122.3546689979285,1
91,4,9.199999999999983,9.0,1148.0,0.0,1147.540427484991,0.0,1173.2764883254965,43.46793862567717,1148.459572515009,32.43819826546048,1122.7235116745035,1
91,5,9.199999999999983,9.0,1148.0,0.0,1147.540427484991,0.0,1173.2764883254965,43.46793862567717,1148.459572515009,32.43819826546048,1122.7235116745035,1
91,6,9.199999999999983,11.0,1045.0,0.0,1066.913466179498,9.434752415750419,1079.4354468534968,37.60920893224733,1023.0865338205018,12.565247584249581,1010.5645531465033,1
92,1,9.299999999999983,2007.1574366581783,5.208464961802747,1986.6575083943153,32.92133094813604,2013.990746079466,38.995383767058456,2027.6573649220413,0.0,2000.3241272368907,0.0,1
92,2,9.299999999999983,10.627575785659246,1044.2551515713185,0.0,1066.1686177508166,9.062328201409665,1078.6905984248153,37.23678471790657,1022.3416853918203,12.192823369908828,1009.8197047178218,1
92,3,9.299999999999983,8.139367087991559,1147.631157323425,0.0,1147.171584808416,0.0,1172.9076456489215,42.60730571366873,1148.090729838434,31.577565353452037,1122.3546689979285,1
92,4,9.299999999999983,9.0,1148.0,0.0,1147.540427484991,0.0,1173.2764883254965,43.46793862567717,1148.459572515009,32.43819826546048,1122.7235116745035,1
92,5,9.299999999999983,9.0,1148.0,0.0,1147.540427484991,0.0,1173.2764883254965,43.46793862567717,1148.459572515009,32.43819826546048,1122.7235116745035,1
92,6,9.299999999999983,11.0,1045.0,0.0,1066.913466179498,9.434752415750419,1079.4354468534968,37.60920893224733,1023.0865338205018,12.565247584249581,1010.5645531465033,1
93,1,9.399999999999983,2007.2556486688609,5.650419009873417,1986.7557204049979,33.36328499620671,2014.0889580901485,39.437337815129126,2027.755576932724,0.0,2000.4223392475733,0.0,1
93,2,9.399999999999983,10.627575785659246,1044.2551515713185,0.0,1066.1686177508166,9.062328201409665,1078.6905984248153,37.23678471790657,1022.3416853918203,12.192823369908828,1009.8197047178218,1
93,3,9.399999999999983,8.139367087991559,1147.631157323425,0.0,1147.171584808416,0.0,1172.9076456489215,42.60730571366873,1148.090729838434,31.577565353452037,1122.3546689979285,1
93,4,9.399999999999983,9.0,1148.0,0.0,1147.540427484991,0.0,1173.2764883254965,43.46793862567717,1148.459572515009,32.43819826546048,1122.7235116745035,1
93,5,9.399999999999983,9.0,1148.0,0.0,1147.540427484991,0.0,1173.2764883254965,43.46793862567717,1148.459572515009,32.43819826546048,1122.7235116745035,1
93,6,9.399999999999983,11.0,1045.0,0.0,1066.913466179498,9.434752415750419,1079.4354468534968,37.60920893224733,1023.0865338205018,12.565247584249581,1010.5645531465033,1
94,1,9.499999999999982,2007.3538606795432,6.092373057944201,1986.8539324156802,33.80523904427749,2014.1871701008308,39.87929186319991,2027.8537889434062,0.0,2000.5205512582556,0.0,1
94,2,9.499999999999982,10.627575785659246,1044.2551515713185,0.0,1066.1686177508166,9.062328201409665,1078.6905984248153,37.23678471790657,1022.3416853918203,12.192823369908828,1009.8197047178218,1
94,3,9.499999999999982,8.139367087991559,1147.631157323425,0.0,1147.171584808416,0.0,1172.9076456489215,42.60730571366873,1148.090729838434,31.577565353452037,1122.3546689979285,1
94,4,9.499999999999982,9.0,1148.0,0.0,1147.540427484991,0.0,1173.2764883254965,43.46793862567717,1148.459572515009,32.43819826546048,1122.7235116745035,1
94,5,9.499999999999982,9.0,1148.0,0.0,1147.540427484991,0.0,1173.2764883254965,43.46793862567717,1148.459572515009,32.43819826546048,1122.7235116745035,1
94,6,9.499999999999982,11.0,1045.0,0.0,1066.913466179498,9.434752415750419,1079.4354468534968,37.60920893224733,1023.0865338205018,12.565247584249581,1010.5645531465033,1
95,1,9.599999999999982,2007.4520726902256,6.534327106015098,1986.9521444263626,34.24719309234839,2014.2853821115132,40.32124591127081,2027.9520009540886,0.0,2000.618763268938,0.0,1
95,2,9.599999999999982,10.627575785659246,1044.2551515713185,0.0,1066.1686177508166,9.062328201409665,1078.6905984248153,37.23678471790657,1022.3416853918203,12.192823369908828,1009.8197047178218,1
95,3,9.599999999999982,8.139367087991559,1147.631157323425,0.0,1147.171584808416,0.0,1172.9076456489215,42.60730571366873,1148.090729838434,31.577565353452037,1122.3546689979285,1
95,4,9.599999999999982,9.0,1148.0,0.0,1147.540427484991,0.0,1173.2764883254965,43.46793862567717,1148.459572515009,32.43819826546048,1122.7235116745035,1
95,5,9.599999999999982,9.0,1148.0,0.0,1147.540427484991,0.0,1173.2764883254965,43.46793862567717,1148.459572515009,32.43819826546048,1122.7235116745035,1
95,6,9.599999999999982,11.0,1045.0,0.0,1066.913466179498,9.434752415750419,1079.4354468534968,37.60920893224733,1023.0865338205018,12.565247584249581,1010.5645531465033,1
96,1,9.699999999999982,2007.550284700908,6.976281154085882,1987.050356437045,34.68914714041917,2014.3835941221955,40.76319995934159,2028.050212964771,0.0,2000.7169752796203,0.0,1
96,2,9.699999999999982,10.710882128755657,1044.4217642575113,0.0,1066.3352304370094,9.145634544506075,1078.8572111110082,37.320091061002984,1022.5082980780131,12.276129713005238,1009.9863174040146,1
96,3,9.699999999999982,8.139367087991559,1147.631157323425,0.0,1147.171584808416,0.0,1172.9076456489215,42.60730571366873,1148.090729838434,31.577565353452037,1122.3546689979285,1
96,4,9.699999999999982,9.0,1148.0,0.0,1147.540427484991,0.0,1173.2764883254965,43.46793862567717,1148.459572515009,32.43819826546048,1122.7235116745035,1
96,5,9.699999999999982,9.0,1148.0,0.0,1147.540427484991,0.0,1173.2764883254965,43.46793862567717,1148.459572515009,32.43819826546048,1122.7235116745035,1
96,6,9.699999999999982,11.0,1045.0,0.0,1066.913466179498,9.434752415750419,1079.4354468534968,37.60920893224733,1023.0865338205018,12.565247584249581,1010.5645531465033,1
97,1,9.799999999999981,2007.6484967115903,7.418235202156666,1987.1485684477273,35.13110118848996,2014.4818061328779,41.205154007412375,2028.1484249754533,0.0,2000.8151872903027,0.0,1
97,2,9.799999999999981,10.710882128755657,1044.4217642575113,0.0,1066.3352304370094,9.145634544506075,1078.8572111110082,37.320091061002984,1022.5082980780131,12.276129713005238,1009.9863174040146,1
97,3,9.799999999999981,8.139367087991559,1147.631157323425,0.0,1147.171584808416,0.0,1172.9076456489215,42.60730571366873,1148.090729838434,31.577565353452037,1122.3546689979285,1
97,4,9.799999999999981,9.0,1148.0,0.0,1147.540427484991,0.0,1173.2764883254965,43.46793862567717,1148.459572515009,32.43819826546048,1122.7235116745035,1
97,5,9.799999999999981,9.0,1148.0,0.0,1147.540427484991,0.0,1173.2764883254965,43.46793862567717,1148.459572515009,32.43819826546048,1122.7235116745035,1
97,6,9.799999999999981,11.0,1045.0,0.0,1066.913466179498,9.434752415750419,1079.4354468534968,37.60920893224733,1023.0865338205018,12.565247584249581,1010.5645531465033,1
98,1,9.89999999999998,2007.7467087222728,7.860189250227336,1987.2467804584098,35.57305523656063,2014.5800181435604,41.647108055483045,2028.2466369861359,0.0,2000.9133993009852,0.0,1
98,2,9.89999999999998,10.710882128755657,1044.4217642575113,0.0,1066.3352304370094,9.145634544506075,1078.8572111110082,37.320091061002984,1022.5082980780131,12.276129713005238,1009.9863174040146,1
98,3,9.89999999999998,8.139367087991559,1147.631157323425,0.0,1147.171584808416,0.0,1172.9076456489215,42.60730571366873,1148.090729838434,31.577565353452037,1122.3546689979285,1
98,4,9.89999999999998,9.0,1148.0,0.0,1147.540427484991,0.0,1173.2764883254965,43.46793862567717,1148.459572515009,32.43819826546048,1122.7235116745035,1
98,5,9.89999999999998,9.0,1148.0,0.0,1147.540427484991,0.0,1173.2764883254965,43.46793862567717,1148.459572515009,32.43819826546048,1122.7235116745035,1
98,6,9.89999999999998,11.0,1045.0,0.0,1066.913466179498,9.434752415750419,1079.4354468534968,37.60920893224733,1023.0865338205018,12.565247584249581,1010.5645531465033,1
99,1,9.99999999999998,2007.8449207329552,8.30214329829812,1987.3449924690922,36.01500928463141,2014.6782301542428,42.08906210355383,2028.3448489968182,0.0,2001.0116113116676,0.0,1
99,2,9.99999999999998,10.710882128755657,1044.4217642575113,0.0,1066.3352304370094,9.145634544506075,1078.8572111110082,37.320091061002984,1022.5082980780131,12.276129713005238,1009.9863174040146,1
99,3,9.99999999999998,8.139367087991559,1147.631157323425,0.0,1147.171584808416,0.0,1172.9076456489215,42.60730571366873,1148.090729838434,31.577565353452037,1122.3546689979285,1
99,4,9.99999999999998,9.0,1148.0,0.0,1147.540427484991,0.0,1173.2764883254965,43.46793862567717,1148.459572515009,32.43819826546048,1122.7235116745035,1
99,5,9.99999999999998,9.0,1148.0,0.0,1147.540427484991,0.0,1173.2764883254965,43.46793862567717,1148.459572515009,32.43819826546048,1122.7235116745035,1
99,6,9.99999999999998,11.0,1045.0,0.0,1066.913466179498,9.434752415750419,1079.4354468534968,37.60920893224733,1023.0865338205018,12.565247584249581,1010.5645531465033,1
